﻿<?xml version="1.0" encoding="UTF-8"?>
<Form xmlns="http://v8.1c.ru/8.3/xcf/logform" xmlns:app="http://v8.1c.ru/8.2/managed-application/core" xmlns:cfg="http://v8.1c.ru/8.1/data/enterprise/current-config" xmlns:dcscor="http://v8.1c.ru/8.1/data-composition-system/core" xmlns:dcsset="http://v8.1c.ru/8.1/data-composition-system/settings" xmlns:ent="http://v8.1c.ru/8.1/data/enterprise" xmlns:lf="http://v8.1c.ru/8.2/managed-application/logform" xmlns:style="http://v8.1c.ru/8.1/data/ui/style" xmlns:sys="http://v8.1c.ru/8.1/data/ui/fonts/system" xmlns:v8="http://v8.1c.ru/8.1/data/core" xmlns:v8ui="http://v8.1c.ru/8.1/data/ui" xmlns:web="http://v8.1c.ru/8.1/data/ui/colors/web" xmlns:win="http://v8.1c.ru/8.1/data/ui/colors/windows" xmlns:xr="http://v8.1c.ru/8.3/xcf/readable" xmlns:xs="http://www.w3.org/2001/XMLSchema" xmlns:xsi="http://www.w3.org/2001/XMLSchema-instance" version="2.11">
	<WindowOpeningMode>LockOwnerWindow</WindowOpeningMode>
	<CommandBarLocation>Top</CommandBarLocation>
	<CommandSet>
		<ExcludedCommand>CustomizeForm</ExcludedCommand>
	</CommandSet>
	<AutoCommandBar name="ФормаКоманднаяПанель" id="-1">
		<Autofill>false</Autofill>
	</AutoCommandBar>
	<Events>
		<Event name="OnOpen">ПриОткрытии</Event>
		<Event name="OnCreateAtServer">ПриСозданииНаСервере</Event>
	</Events>
	<ChildItems>
		<UsualGroup name="КоманднаяПанель" id="36">
			<Representation>None</Representation>
			<ShowTitle>false</ShowTitle>
			<ExtendedTooltip name="КоманднаяПанельРасширеннаяПодсказка" id="37"/>
			<ChildItems>
				<Button name="Выбрать" id="13">
					<Type>UsualButton</Type>
					<DefaultButton>true</DefaultButton>
					<SkipOnInput>false</SkipOnInput>
					<CommandName>Form.Command.Выбрать</CommandName>
					<ExtendedTooltip name="ВыбратьExtendedTooltip" id="16"/>
				</Button>
				<RadioButtonField name="СпособГруппировкиОбъектов" id="33">
					<DataPath>СпособГруппировкиОбъектов</DataPath>
					<TitleLocation>None</TitleLocation>
					<RadioButtonType>Auto</RadioButtonType>
					<ChoiceList>
						<xr:Item>
							<xr:Presentation/>
							<xr:CheckState>0</xr:CheckState>
							<xr:Value xsi:type="FormChoiceListDesTimeValue">
								<Presentation>
									<v8:item>
										<v8:lang>ru</v8:lang>
										<v8:content>По разделам интерфейса</v8:content>
									</v8:item>
								</Presentation>
								<Value xsi:type="xs:string">ПоРазделам</Value>
							</xr:Value>
						</xr:Item>
						<xr:Item>
							<xr:Presentation/>
							<xr:CheckState>0</xr:CheckState>
							<xr:Value xsi:type="FormChoiceListDesTimeValue">
								<Presentation>
									<v8:item>
										<v8:lang>ru</v8:lang>
										<v8:content>По видам объектов</v8:content>
									</v8:item>
								</Presentation>
								<Value xsi:type="xs:string">ПоВидам</Value>
							</xr:Value>
						</xr:Item>
					</ChoiceList>
					<ContextMenu name="СпособГруппировкиОбъектовКонтекстноеМеню" id="34"/>
					<ExtendedTooltip name="СпособГруппировкиОбъектовРасширеннаяПодсказка" id="35"/>
					<Events>
						<Event name="OnChange">РежимВыбораПриИзменении</Event>
					</Events>
				</RadioButtonField>
			</ChildItems>
		</UsualGroup>
		<Table name="ДеревоОбъектовМетаданных" id="1">
			<Representation>Tree</Representation>
			<CommandBarLocation>None</CommandBarLocation>
			<SkipOnInput>false</SkipOnInput>
			<ChangeRowSet>false</ChangeRowSet>
			<Header>false</Header>
			<UseAlternationRowColor>true</UseAlternationRowColor>
			<AutoInsertNewRow>true</AutoInsertNewRow>
			<InitialTreeView>ExpandTopLevel</InitialTreeView>
			<FileDragMode>AsFile</FileDragMode>
			<DataPath>ДеревоОбъектовМетаданных</DataPath>
			<CommandSet>
				<ExcludedCommand>Add</ExcludedCommand>
				<ExcludedCommand>Change</ExcludedCommand>
				<ExcludedCommand>Copy</ExcludedCommand>
				<ExcludedCommand>Delete</ExcludedCommand>
				<ExcludedCommand>EndEdit</ExcludedCommand>
				<ExcludedCommand>HierarchicalList</ExcludedCommand>
				<ExcludedCommand>List</ExcludedCommand>
				<ExcludedCommand>MoveDown</ExcludedCommand>
				<ExcludedCommand>MoveUp</ExcludedCommand>
				<ExcludedCommand>SelectAll</ExcludedCommand>
				<ExcludedCommand>SortListAsc</ExcludedCommand>
				<ExcludedCommand>SortListDesc</ExcludedCommand>
				<ExcludedCommand>Tree</ExcludedCommand>
			</CommandSet>
			<ContextMenu name="ДеревоОбъектовМетаданныхКонтекстноеМеню" id="2"/>
			<AutoCommandBar name="ДеревоОбъектовМетаданныхКоманднаяПанель" id="3"/>
			<ExtendedTooltip name="ДеревоОбъектовМетаданныхExtendedTooltip" id="19"/>
			<SearchStringAddition name="ДеревоОбъектовМетаданныхСтрокаПоиска" id="24">
				<AdditionSource>
					<Item>ДеревоОбъектовМетаданных</Item>
					<Type>SearchStringRepresentation</Type>
				</AdditionSource>
				<ContextMenu name="ДеревоОбъектовМетаданныхСтрокаПоискаКонтекстноеМеню" id="25"/>
				<ExtendedTooltip name="ДеревоОбъектовМетаданныхСтрокаПоискаРасширеннаяПодсказка" id="26"/>
			</SearchStringAddition>
			<ViewStatusAddition name="ДеревоОбъектовМетаданныхСостояниеПросмотра" id="27">
				<AdditionSource>
					<Item>ДеревоОбъектовМетаданных</Item>
					<Type>ViewStatusRepresentation</Type>
				</AdditionSource>
				<ContextMenu name="ДеревоОбъектовМетаданныхСостояниеПросмотраКонтекстноеМеню" id="28"/>
				<ExtendedTooltip name="ДеревоОбъектовМетаданныхСостояниеПросмотраРасширеннаяПодсказка" id="29"/>
			</ViewStatusAddition>
			<SearchControlAddition name="ДеревоОбъектовМетаданныхУправлениеПоиском" id="30">
				<AdditionSource>
					<Item>ДеревоОбъектовМетаданных</Item>
					<Type>SearchControl</Type>
				</AdditionSource>
				<ContextMenu name="ДеревоОбъектовМетаданныхУправлениеПоискомКонтекстноеМеню" id="31"/>
				<ExtendedTooltip name="ДеревоОбъектовМетаданныхУправлениеПоискомРасширеннаяПодсказка" id="32"/>
			</SearchControlAddition>
			<Events>
				<Event name="Selection">ДеревоОбъектовМетаданныхВыбор</Event>
			</Events>
			<ChildItems>
				<ColumnGroup name="Группа" id="12">
					<Group>InCell</Group>
					<ExtendedTooltip name="ГруппаExtendedTooltip" id="20"/>
					<ChildItems>
						<CheckBoxField name="Пометка" id="8">
							<DataPath>ДеревоОбъектовМетаданных.Пометка</DataPath>
							<Title>
								<v8:item>
									<v8:lang>ru</v8:lang>
									<v8:content>Пометка</v8:content>
								</v8:item>
							</Title>
							<TitleLocation>None</TitleLocation>
							<ThreeState>true</ThreeState>
							<ContextMenu name="ПометкаКонтекстноеМеню" id="9"/>
							<ExtendedTooltip name="ПометкаExtendedTooltip" id="21"/>
							<Events>
								<Event name="OnChange">ПометкаПриИзменении</Event>
							</Events>
						</CheckBoxField>
						<PictureField name="Картинка" id="10">
							<DataPath>ДеревоОбъектовМетаданных.Картинка</DataPath>
							<TitleLocation>None</TitleLocation>
							<Width>2</Width>
							<Height>1</Height>
							<HorizontalStretch>false</HorizontalStretch>
							<VerticalStretch>false</VerticalStretch>
							<Border width="1">
								<v8ui:style xsi:type="v8ui:ControlBorderType">WithoutBorder</v8ui:style>
							</Border>
							<FileDragMode>AsFile</FileDragMode>
							<ContextMenu name="КартинкаКонтекстноеМеню" id="11"/>
							<ExtendedTooltip name="КартинкаExtendedTooltip" id="22"/>
						</PictureField>
						<InputField name="Представление" id="6">
							<DataPath>ДеревоОбъектовМетаданных.Представление</DataPath>
							<ReadOnly>true</ReadOnly>
							<Title>
								<v8:item>
									<v8:lang>ru</v8:lang>
									<v8:content>Объект метаданных</v8:content>
								</v8:item>
							</Title>
							<Wrap>false</Wrap>
							<ContextMenu name="ПредставлениеКонтекстноеМеню" id="7"/>
							<ExtendedTooltip name="ПредставлениеExtendedTooltip" id="23"/>
						</InputField>
					</ChildItems>
				</ColumnGroup>
			</ChildItems>
		</Table>
	</ChildItems>
	<Attributes>
		<Attribute name="ДеревоОбъектовМетаданных" id="1">
			<Title>
				<v8:item>
					<v8:lang>ru</v8:lang>
					<v8:content>Дерево объектов метаданных</v8:content>
				</v8:item>
			</Title>
			<Type>
				<v8:Type>v8:ValueTree</v8:Type>
			</Type>
			<Columns>
				<Column name="Имя" id="1">
					<Type>
						<v8:Type>xs:string</v8:Type>
						<v8:StringQualifiers>
							<v8:Length>0</v8:Length>
							<v8:AllowedLength>Variable</v8:AllowedLength>
						</v8:StringQualifiers>
					</Type>
				</Column>
				<Column name="Представление" id="2">
					<Title>
						<v8:item>
							<v8:lang>ru</v8:lang>
							<v8:content>Представление</v8:content>
						</v8:item>
					</Title>
					<Type>
						<v8:Type>xs:string</v8:Type>
						<v8:StringQualifiers>
							<v8:Length>0</v8:Length>
							<v8:AllowedLength>Variable</v8:AllowedLength>
						</v8:StringQualifiers>
					</Type>
				</Column>
				<Column name="Пометка" id="3">
					<Title>
						<v8:item>
							<v8:lang>ru</v8:lang>
							<v8:content>Пометка</v8:content>
						</v8:item>
					</Title>
					<Type>
						<v8:Type>xs:decimal</v8:Type>
						<v8:NumberQualifiers>
							<v8:Digits>1</v8:Digits>
							<v8:FractionDigits>0</v8:FractionDigits>
							<v8:AllowedSign>Nonnegative</v8:AllowedSign>
						</v8:NumberQualifiers>
					</Type>
				</Column>
				<Column name="Картинка" id="4">
					<Title>
						<v8:item>
							<v8:lang>ru</v8:lang>
							<v8:content>Картинка</v8:content>
						</v8:item>
					</Title>
					<Type>
						<v8:Type>v8ui:Picture</v8:Type>
					</Type>
				</Column>
				<Column name="ПолноеИмя" id="5">
					<Type>
						<v8:Type>xs:string</v8:Type>
						<v8:StringQualifiers>
							<v8:Length>0</v8:Length>
							<v8:AllowedLength>Variable</v8:AllowedLength>
						</v8:StringQualifiers>
					</Type>
				</Column>
				<Column name="ЭтоОбъектМетаданных" id="6">
					<Type>
						<v8:Type>xs:boolean</v8:Type>
					</Type>
				</Column>
				<Column name="ЭтоПодраздел" id="7">
					<Type>
						<v8:Type>xs:boolean</v8:Type>
					</Type>
				</Column>
				<Column name="Адрес" id="8">
					<Type>
						<v8:Type>xs:string</v8:Type>
						<v8:StringQualifiers>
							<v8:Length>0</v8:Length>
							<v8:AllowedLength>Variable</v8:AllowedLength>
						</v8:StringQualifiers>
					</Type>
				</Column>
			</Columns>
		</Attribute>
		<Attribute name="ВыбранныеОбъектыМетаданных" id="2">
			<Type>
				<v8:Type>v8:ValueListType</v8:Type>
			</Type>
			<Settings xsi:type="v8:TypeDescription"/>
		</Attribute>
		<Attribute name="ЭлементыПодсистемСКоманднымИнтерфейсом" id="3">
			<Type>
				<v8:Type>v8:ValueListType</v8:Type>
			</Type>
			<Settings xsi:type="v8:TypeDescription"/>
		</Attribute>
		<Attribute name="ВыборЕдинственного" id="4">
			<Type>
				<v8:Type>xs:boolean</v8:Type>
			</Type>
		</Attribute>
		<Attribute name="ИдентификаторТекущейСтрокиПриОткрытии" id="5">
			<Type>
				<v8:Type>xs:decimal</v8:Type>
				<v8:NumberQualifiers>
					<v8:Digits>10</v8:Digits>
					<v8:FractionDigits>0</v8:FractionDigits>
					<v8:AllowedSign>Any</v8:AllowedSign>
				</v8:NumberQualifiers>
			</Type>
		</Attribute>
		<Attribute name="НачальноеЗначениеВыбора" id="6">
			<Type>
				<v8:Type>xs:string</v8:Type>
				<v8:StringQualifiers>
					<v8:Length>0</v8:Length>
					<v8:AllowedLength>Variable</v8:AllowedLength>
				</v8:StringQualifiers>
			</Type>
		</Attribute>
		<Attribute name="Объект" id="7">
			<Type>
				<v8:Type>xs:string</v8:Type>
				<v8:StringQualifiers>
					<v8:Length>0</v8:Length>
					<v8:AllowedLength>Variable</v8:AllowedLength>
				</v8:StringQualifiers>
			</Type>
		</Attribute>
		<Attribute name="ТолькоПодсистемыСКИ" id="8">
			<Type>
				<v8:Type>xs:boolean</v8:Type>
			</Type>
		</Attribute>
		<Attribute name="ВыбиратьСсылки" id="9">
			<Type>
				<v8:Type>xs:boolean</v8:Type>
			</Type>
		</Attribute>
		<Attribute name="СпособГруппировкиОбъектов" id="10">
			<Title>
				<v8:item>
					<v8:lang>ru</v8:lang>
					<v8:content>Способ группировки объектов</v8:content>
				</v8:item>
			</Title>
			<Type>
				<v8:Type>xs:string</v8:Type>
				<v8:StringQualifiers>
					<v8:Length>0</v8:Length>
					<v8:AllowedLength>Variable</v8:AllowedLength>
				</v8:StringQualifiers>
			</Type>
		</Attribute>
		<Attribute name="АдресаВыбранныхОбъектов" id="11">
			<Type>
				<v8:Type>v8:ValueListType</v8:Type>
			</Type>
			<Settings xsi:type="v8:TypeDescription"/>
		</Attribute>
	</Attributes>
	<Commands>
		<Command name="Выбрать" id="1">
			<Title>
				<v8:item>
					<v8:lang>ru</v8:lang>
					<v8:content>Выбрать</v8:content>
				</v8:item>
			</Title>
			<ToolTip>
				<v8:item>
					<v8:lang>ru</v8:lang>
					<v8:content>Выбрать</v8:content>
				</v8:item>
			</ToolTip>
			<Action>ВыбратьВыполнить</Action>
			<CurrentRowUse>DontUse</CurrentRowUse>
		</Command>
		<Command name="Закрыть" id="2">
			<Title>
				<v8:item>
					<v8:lang>ru</v8:lang>
					<v8:content>Закрыть</v8:content>
				</v8:item>
			</Title>
			<ToolTip>
				<v8:item>
					<v8:lang>ru</v8:lang>
					<v8:content>Закрыть</v8:content>
				</v8:item>
			</ToolTip>
			<Action>ЗакрытьВыполнить</Action>
			<CurrentRowUse>DontUse</CurrentRowUse>
		</Command>
	</Commands>
	<Parameters>
		<Parameter name="ВыбранныеОбъектыМетаданных">
			<Type>
				<v8:Type>v8:ValueListType</v8:Type>
			</Type>
		</Parameter>
		<Parameter name="УникальныйИдентификаторИсточник">
			<Type>
				<v8:Type>v8:UUID</v8:Type>
			</Type>
			<KeyParameter>true</KeyParameter>
		</Parameter>
		<Parameter name="КоллекцииВыбираемыхОбъектовМетаданных">
			<Type>
				<v8:Type>v8:ValueListType</v8:Type>
			</Type>
			<KeyParameter>true</KeyParameter>
		</Parameter>
		<Parameter name="ФильтрПоОбъектамМетаданных">
			<Type>
				<v8:Type>v8:ValueListType</v8:Type>
			</Type>
			<KeyParameter>true</KeyParameter>
		</Parameter>
		<Parameter name="РодительскиеПодсистемы">
			<Type>
				<v8:Type>v8:ValueListType</v8:Type>
			</Type>
			<KeyParameter>true</KeyParameter>
		</Parameter>
		<Parameter name="Заголовок">
			<Type>
				<v8:Type>xs:string</v8:Type>
				<v8:StringQualifiers>
					<v8:Length>0</v8:Length>
					<v8:AllowedLength>Variable</v8:AllowedLength>
				</v8:StringQualifiers>
			</Type>
		</Parameter>
		<Parameter name="СпособГруппировкиОбъектов">
			<Type>
				<v8:Type>xs:string</v8:Type>
				<v8:StringQualifiers>
					<v8:Length>0</v8:Length>
					<v8:AllowedLength>Variable</v8:AllowedLength>
				</v8:StringQualifiers>
			</Type>
		</Parameter>
		<Parameter name="ЗапоминатьРазделыВыбранныхОбъектов">
			<Type>
				<v8:Type>xs:boolean</v8:Type>
			</Type>
			<KeyParameter>true</KeyParameter>
		</Parameter>
	</Parameters>
</Form>