﻿<?xml version="1.0" encoding="UTF-8"?>
<PredefinedData xmlns="http://v8.1c.ru/8.3/xcf/predef" xmlns:v8="http://v8.1c.ru/8.1/data/core" xmlns:xr="http://v8.1c.ru/8.3/xcf/readable" xmlns:xs="http://www.w3.org/2001/XMLSchema" xmlns:xsi="http://www.w3.org/2001/XMLSchema-instance" xsi:type="CatalogPredefinedItems" version="2.11">
	<Item id="6c4b0307-43a4-4141-9c35-3dd7e9586d41">
		<Name>Администратор</Name>
		<Code/>
		<Description>Администратор</Description>
		<IsFolder>false</IsFolder>
	</Item>
</PredefinedData>