﻿<?xml version="1.0" encoding="UTF-8"?>
<Form xmlns="http://v8.1c.ru/8.3/xcf/logform" xmlns:app="http://v8.1c.ru/8.2/managed-application/core" xmlns:cfg="http://v8.1c.ru/8.1/data/enterprise/current-config" xmlns:dcscor="http://v8.1c.ru/8.1/data-composition-system/core" xmlns:dcsset="http://v8.1c.ru/8.1/data-composition-system/settings" xmlns:ent="http://v8.1c.ru/8.1/data/enterprise" xmlns:lf="http://v8.1c.ru/8.2/managed-application/logform" xmlns:style="http://v8.1c.ru/8.1/data/ui/style" xmlns:sys="http://v8.1c.ru/8.1/data/ui/fonts/system" xmlns:v8="http://v8.1c.ru/8.1/data/core" xmlns:v8ui="http://v8.1c.ru/8.1/data/ui" xmlns:web="http://v8.1c.ru/8.1/data/ui/colors/web" xmlns:win="http://v8.1c.ru/8.1/data/ui/colors/windows" xmlns:xr="http://v8.1c.ru/8.3/xcf/readable" xmlns:xs="http://www.w3.org/2001/XMLSchema" xmlns:xsi="http://www.w3.org/2001/XMLSchema-instance" version="2.11">
	<WindowOpeningMode>LockWholeInterface</WindowOpeningMode>
	<CommandBarLocation>Bottom</CommandBarLocation>
	<AutoCommandBar name="ФормаКоманднаяПанель" id="-1">
		<HorizontalAlign>Center</HorizontalAlign>
		<Autofill>false</Autofill>
		<ChildItems>
			<Button name="ФормаЗавершитьРаботу" id="4">
				<Type>CommandBarButton</Type>
				<DefaultButton>true</DefaultButton>
				<DefaultItem>true</DefaultItem>
				<CommandName>Form.Command.ЗавершитьРаботу</CommandName>
				<ExtendedTooltip name="ФормаЗавершитьРаботуРасширеннаяПодсказка" id="5"/>
			</Button>
		</ChildItems>
	</AutoCommandBar>
	<Events>
		<Event name="OnOpen">ПриОткрытии</Event>
		<Event name="OnClose">ПриЗакрытии</Event>
	</Events>
	<ChildItems>
		<UsualGroup name="ГруппаПредупреждение" id="9">
			<Title>
				<v8:item>
					<v8:lang>ru</v8:lang>
					<v8:content>Предупреждение</v8:content>
				</v8:item>
			</Title>
			<Representation>NormalSeparation</Representation>
			<ShowTitle>false</ShowTitle>
			<ExtendedTooltip name="ГруппаПредупреждениеРасширеннаяПодсказка" id="10"/>
			<ChildItems>
				<PictureDecoration name="Картинка" id="6">
					<Title formatted="false">
						<v8:item>
							<v8:lang>ru</v8:lang>
							<v8:content>Картинка</v8:content>
						</v8:item>
					</Title>
					<Picture>
						<xr:Ref>CommonPicture.Ошибка32</xr:Ref>
						<xr:LoadTransparent>false</xr:LoadTransparent>
					</Picture>
					<FileDragMode>AsFile</FileDragMode>
					<ContextMenu name="КартинкаКонтекстноеМеню" id="7"/>
					<ExtendedTooltip name="КартинкаРасширеннаяПодсказка" id="8"/>
				</PictureDecoration>
				<LabelDecoration name="Надпись" id="1">
					<AutoMaxWidth>false</AutoMaxWidth>
					<Title formatted="false">
						<v8:item>
							<v8:lang>ru</v8:lang>
							<v8:content>Ваша учетная запись отключена.
Дальнейшая работа невозможна и будет
автоматически завершена через 5 минут.

Обратитесь к администратору.</v8:content>
						</v8:item>
					</Title>
					<ContextMenu name="НадписьКонтекстноеМеню" id="2"/>
					<ExtendedTooltip name="НадписьРасширеннаяПодсказка" id="3"/>
				</LabelDecoration>
			</ChildItems>
		</UsualGroup>
	</ChildItems>
	<Attributes/>
	<Commands>
		<Command name="ЗавершитьРаботу" id="1">
			<Title>
				<v8:item>
					<v8:lang>ru</v8:lang>
					<v8:content>Завершить работу</v8:content>
				</v8:item>
			</Title>
			<ToolTip>
				<v8:item>
					<v8:lang>ru</v8:lang>
					<v8:content>Завершить работу</v8:content>
				</v8:item>
			</ToolTip>
			<Action>ЗавершитьРаботу</Action>
			<CurrentRowUse>DontUse</CurrentRowUse>
		</Command>
	</Commands>
</Form>