﻿<?xml version="1.0" encoding="UTF-8"?>
<MetaDataObject xmlns="http://v8.1c.ru/8.3/MDClasses" xmlns:app="http://v8.1c.ru/8.2/managed-application/core" xmlns:cfg="http://v8.1c.ru/8.1/data/enterprise/current-config" xmlns:cmi="http://v8.1c.ru/8.2/managed-application/cmi" xmlns:ent="http://v8.1c.ru/8.1/data/enterprise" xmlns:lf="http://v8.1c.ru/8.2/managed-application/logform" xmlns:style="http://v8.1c.ru/8.1/data/ui/style" xmlns:sys="http://v8.1c.ru/8.1/data/ui/fonts/system" xmlns:v8="http://v8.1c.ru/8.1/data/core" xmlns:v8ui="http://v8.1c.ru/8.1/data/ui" xmlns:web="http://v8.1c.ru/8.1/data/ui/colors/web" xmlns:win="http://v8.1c.ru/8.1/data/ui/colors/windows" xmlns:xen="http://v8.1c.ru/8.3/xcf/enums" xmlns:xpr="http://v8.1c.ru/8.3/xcf/predef" xmlns:xr="http://v8.1c.ru/8.3/xcf/readable" xmlns:xs="http://www.w3.org/2001/XMLSchema" xmlns:xsi="http://www.w3.org/2001/XMLSchema-instance" version="2.11">
	<Catalog uuid="92707138-5004-4378-8477-f909166d319d">
		<InternalInfo>
			<xr:GeneratedType name="CatalogObject.ДополнительныеОтчетыИОбработки" category="Object">
				<xr:TypeId>a58c2665-c38f-4f8b-a8e5-4853d410340d</xr:TypeId>
				<xr:ValueId>99cb72f3-c40e-4945-b1d6-30977cc1c93a</xr:ValueId>
			</xr:GeneratedType>
			<xr:GeneratedType name="CatalogRef.ДополнительныеОтчетыИОбработки" category="Ref">
				<xr:TypeId>ad99c086-2ae3-4648-ad31-fef3acf326e4</xr:TypeId>
				<xr:ValueId>29e32e76-fb08-45ce-95a6-d20845759fda</xr:ValueId>
			</xr:GeneratedType>
			<xr:GeneratedType name="CatalogSelection.ДополнительныеОтчетыИОбработки" category="Selection">
				<xr:TypeId>579912f4-0673-4445-8095-fae093a0cc17</xr:TypeId>
				<xr:ValueId>4c3319e7-2716-488c-af02-81d5900007b9</xr:ValueId>
			</xr:GeneratedType>
			<xr:GeneratedType name="CatalogList.ДополнительныеОтчетыИОбработки" category="List">
				<xr:TypeId>f18ae1f0-a366-4a62-8909-1f55bee46e8b</xr:TypeId>
				<xr:ValueId>abdd18d5-6b31-467a-9636-b19b0e03e2cc</xr:ValueId>
			</xr:GeneratedType>
			<xr:GeneratedType name="CatalogManager.ДополнительныеОтчетыИОбработки" category="Manager">
				<xr:TypeId>a5bc92d6-874b-4b0f-94da-61a368f8b3d0</xr:TypeId>
				<xr:ValueId>ae04d25c-fcb7-4844-8b89-f9b1f8d8fca9</xr:ValueId>
			</xr:GeneratedType>
		</InternalInfo>
		<Properties>
			<Name>ДополнительныеОтчетыИОбработки</Name>
			<Synonym>
				<v8:item>
					<v8:lang>ru</v8:lang>
					<v8:content>Дополнительные отчеты и обработки</v8:content>
				</v8:item>
			</Synonym>
			<Comment/>
			<Hierarchical>true</Hierarchical>
			<HierarchyType>HierarchyFoldersAndItems</HierarchyType>
			<LimitLevelCount>false</LimitLevelCount>
			<LevelCount>2</LevelCount>
			<FoldersOnTop>true</FoldersOnTop>
			<UseStandardCommands>true</UseStandardCommands>
			<Owners/>
			<SubordinationUse>ToItems</SubordinationUse>
			<CodeLength>0</CodeLength>
			<DescriptionLength>100</DescriptionLength>
			<CodeType>String</CodeType>
			<CodeAllowedLength>Variable</CodeAllowedLength>
			<CodeSeries>WholeCatalog</CodeSeries>
			<CheckUnique>false</CheckUnique>
			<Autonumbering>false</Autonumbering>
			<DefaultPresentation>AsDescription</DefaultPresentation>
			<StandardAttributes>
				<xr:StandardAttribute name="PredefinedDataName">
					<xr:LinkByType/>
					<xr:FillChecking>DontCheck</xr:FillChecking>
					<xr:MultiLine>false</xr:MultiLine>
					<xr:FillFromFillingValue>false</xr:FillFromFillingValue>
					<xr:CreateOnInput>Auto</xr:CreateOnInput>
					<xr:MaxValue xsi:nil="true"/>
					<xr:ToolTip/>
					<xr:ExtendedEdit>false</xr:ExtendedEdit>
					<xr:Format/>
					<xr:ChoiceForm/>
					<xr:QuickChoice>Auto</xr:QuickChoice>
					<xr:ChoiceHistoryOnInput>Auto</xr:ChoiceHistoryOnInput>
					<xr:EditFormat/>
					<xr:PasswordMode>false</xr:PasswordMode>
					<xr:DataHistory>Use</xr:DataHistory>
					<xr:MarkNegatives>false</xr:MarkNegatives>
					<xr:MinValue xsi:nil="true"/>
					<xr:Synonym/>
					<xr:Comment/>
					<xr:FullTextSearch>Use</xr:FullTextSearch>
					<xr:ChoiceParameterLinks/>
					<xr:FillValue xsi:nil="true"/>
					<xr:Mask/>
					<xr:ChoiceParameters/>
				</xr:StandardAttribute>
				<xr:StandardAttribute name="Predefined">
					<xr:LinkByType/>
					<xr:FillChecking>DontCheck</xr:FillChecking>
					<xr:MultiLine>false</xr:MultiLine>
					<xr:FillFromFillingValue>false</xr:FillFromFillingValue>
					<xr:CreateOnInput>Auto</xr:CreateOnInput>
					<xr:MaxValue xsi:nil="true"/>
					<xr:ToolTip/>
					<xr:ExtendedEdit>false</xr:ExtendedEdit>
					<xr:Format/>
					<xr:ChoiceForm/>
					<xr:QuickChoice>Auto</xr:QuickChoice>
					<xr:ChoiceHistoryOnInput>Auto</xr:ChoiceHistoryOnInput>
					<xr:EditFormat/>
					<xr:PasswordMode>false</xr:PasswordMode>
					<xr:DataHistory>Use</xr:DataHistory>
					<xr:MarkNegatives>false</xr:MarkNegatives>
					<xr:MinValue xsi:nil="true"/>
					<xr:Synonym/>
					<xr:Comment/>
					<xr:FullTextSearch>Use</xr:FullTextSearch>
					<xr:ChoiceParameterLinks/>
					<xr:FillValue xsi:nil="true"/>
					<xr:Mask/>
					<xr:ChoiceParameters/>
				</xr:StandardAttribute>
				<xr:StandardAttribute name="Ref">
					<xr:LinkByType/>
					<xr:FillChecking>DontCheck</xr:FillChecking>
					<xr:MultiLine>false</xr:MultiLine>
					<xr:FillFromFillingValue>false</xr:FillFromFillingValue>
					<xr:CreateOnInput>Auto</xr:CreateOnInput>
					<xr:MaxValue xsi:nil="true"/>
					<xr:ToolTip/>
					<xr:ExtendedEdit>false</xr:ExtendedEdit>
					<xr:Format/>
					<xr:ChoiceForm/>
					<xr:QuickChoice>Auto</xr:QuickChoice>
					<xr:ChoiceHistoryOnInput>Auto</xr:ChoiceHistoryOnInput>
					<xr:EditFormat/>
					<xr:PasswordMode>false</xr:PasswordMode>
					<xr:DataHistory>Use</xr:DataHistory>
					<xr:MarkNegatives>false</xr:MarkNegatives>
					<xr:MinValue xsi:nil="true"/>
					<xr:Synonym/>
					<xr:Comment/>
					<xr:FullTextSearch>Use</xr:FullTextSearch>
					<xr:ChoiceParameterLinks/>
					<xr:FillValue xsi:nil="true"/>
					<xr:Mask/>
					<xr:ChoiceParameters/>
				</xr:StandardAttribute>
				<xr:StandardAttribute name="DeletionMark">
					<xr:LinkByType/>
					<xr:FillChecking>DontCheck</xr:FillChecking>
					<xr:MultiLine>false</xr:MultiLine>
					<xr:FillFromFillingValue>false</xr:FillFromFillingValue>
					<xr:CreateOnInput>Auto</xr:CreateOnInput>
					<xr:MaxValue xsi:nil="true"/>
					<xr:ToolTip/>
					<xr:ExtendedEdit>false</xr:ExtendedEdit>
					<xr:Format/>
					<xr:ChoiceForm/>
					<xr:QuickChoice>Auto</xr:QuickChoice>
					<xr:ChoiceHistoryOnInput>Auto</xr:ChoiceHistoryOnInput>
					<xr:EditFormat/>
					<xr:PasswordMode>false</xr:PasswordMode>
					<xr:DataHistory>Use</xr:DataHistory>
					<xr:MarkNegatives>false</xr:MarkNegatives>
					<xr:MinValue xsi:nil="true"/>
					<xr:Synonym/>
					<xr:Comment/>
					<xr:FullTextSearch>Use</xr:FullTextSearch>
					<xr:ChoiceParameterLinks/>
					<xr:FillValue xsi:nil="true"/>
					<xr:Mask/>
					<xr:ChoiceParameters/>
				</xr:StandardAttribute>
				<xr:StandardAttribute name="IsFolder">
					<xr:LinkByType/>
					<xr:FillChecking>DontCheck</xr:FillChecking>
					<xr:MultiLine>false</xr:MultiLine>
					<xr:FillFromFillingValue>false</xr:FillFromFillingValue>
					<xr:CreateOnInput>Auto</xr:CreateOnInput>
					<xr:MaxValue xsi:nil="true"/>
					<xr:ToolTip/>
					<xr:ExtendedEdit>false</xr:ExtendedEdit>
					<xr:Format/>
					<xr:ChoiceForm/>
					<xr:QuickChoice>Auto</xr:QuickChoice>
					<xr:ChoiceHistoryOnInput>Auto</xr:ChoiceHistoryOnInput>
					<xr:EditFormat/>
					<xr:PasswordMode>false</xr:PasswordMode>
					<xr:DataHistory>Use</xr:DataHistory>
					<xr:MarkNegatives>false</xr:MarkNegatives>
					<xr:MinValue xsi:nil="true"/>
					<xr:Synonym/>
					<xr:Comment/>
					<xr:FullTextSearch>Use</xr:FullTextSearch>
					<xr:ChoiceParameterLinks/>
					<xr:FillValue xsi:nil="true"/>
					<xr:Mask/>
					<xr:ChoiceParameters/>
				</xr:StandardAttribute>
				<xr:StandardAttribute name="Owner">
					<xr:LinkByType/>
					<xr:FillChecking>ShowError</xr:FillChecking>
					<xr:MultiLine>false</xr:MultiLine>
					<xr:FillFromFillingValue>true</xr:FillFromFillingValue>
					<xr:CreateOnInput>Auto</xr:CreateOnInput>
					<xr:MaxValue xsi:nil="true"/>
					<xr:ToolTip/>
					<xr:ExtendedEdit>false</xr:ExtendedEdit>
					<xr:Format/>
					<xr:ChoiceForm/>
					<xr:QuickChoice>Auto</xr:QuickChoice>
					<xr:ChoiceHistoryOnInput>Auto</xr:ChoiceHistoryOnInput>
					<xr:EditFormat/>
					<xr:PasswordMode>false</xr:PasswordMode>
					<xr:DataHistory>Use</xr:DataHistory>
					<xr:MarkNegatives>false</xr:MarkNegatives>
					<xr:MinValue xsi:nil="true"/>
					<xr:Synonym/>
					<xr:Comment/>
					<xr:FullTextSearch>Use</xr:FullTextSearch>
					<xr:ChoiceParameterLinks/>
					<xr:FillValue xsi:nil="true"/>
					<xr:Mask/>
					<xr:ChoiceParameters/>
				</xr:StandardAttribute>
				<xr:StandardAttribute name="Parent">
					<xr:LinkByType/>
					<xr:FillChecking>DontCheck</xr:FillChecking>
					<xr:MultiLine>false</xr:MultiLine>
					<xr:FillFromFillingValue>true</xr:FillFromFillingValue>
					<xr:CreateOnInput>Auto</xr:CreateOnInput>
					<xr:MaxValue xsi:nil="true"/>
					<xr:ToolTip>
						<v8:item>
							<v8:lang>ru</v8:lang>
							<v8:content>Группа, к которой относится дополнительный отчет или обработка</v8:content>
						</v8:item>
					</xr:ToolTip>
					<xr:ExtendedEdit>false</xr:ExtendedEdit>
					<xr:Format/>
					<xr:ChoiceForm/>
					<xr:QuickChoice>Auto</xr:QuickChoice>
					<xr:ChoiceHistoryOnInput>Auto</xr:ChoiceHistoryOnInput>
					<xr:EditFormat/>
					<xr:PasswordMode>false</xr:PasswordMode>
					<xr:DataHistory>Use</xr:DataHistory>
					<xr:MarkNegatives>false</xr:MarkNegatives>
					<xr:MinValue xsi:nil="true"/>
					<xr:Synonym>
						<v8:item>
							<v8:lang>ru</v8:lang>
							<v8:content>Группа</v8:content>
						</v8:item>
					</xr:Synonym>
					<xr:Comment/>
					<xr:FullTextSearch>Use</xr:FullTextSearch>
					<xr:ChoiceParameterLinks/>
					<xr:FillValue xsi:type="xr:DesignTimeRef">Catalog.ДополнительныеОтчетыИОбработки.EmptyRef</xr:FillValue>
					<xr:Mask/>
					<xr:ChoiceParameters/>
				</xr:StandardAttribute>
				<xr:StandardAttribute name="Description">
					<xr:LinkByType/>
					<xr:FillChecking>ShowError</xr:FillChecking>
					<xr:MultiLine>false</xr:MultiLine>
					<xr:FillFromFillingValue>false</xr:FillFromFillingValue>
					<xr:CreateOnInput>Auto</xr:CreateOnInput>
					<xr:MaxValue xsi:nil="true"/>
					<xr:ToolTip>
						<v8:item>
							<v8:lang>ru</v8:lang>
							<v8:content>Наименование дополнительного отчета или обработки</v8:content>
						</v8:item>
					</xr:ToolTip>
					<xr:ExtendedEdit>false</xr:ExtendedEdit>
					<xr:Format/>
					<xr:ChoiceForm/>
					<xr:QuickChoice>Auto</xr:QuickChoice>
					<xr:ChoiceHistoryOnInput>Auto</xr:ChoiceHistoryOnInput>
					<xr:EditFormat/>
					<xr:PasswordMode>false</xr:PasswordMode>
					<xr:DataHistory>Use</xr:DataHistory>
					<xr:MarkNegatives>false</xr:MarkNegatives>
					<xr:MinValue xsi:nil="true"/>
					<xr:Synonym/>
					<xr:Comment/>
					<xr:FullTextSearch>Use</xr:FullTextSearch>
					<xr:ChoiceParameterLinks/>
					<xr:FillValue xsi:nil="true"/>
					<xr:Mask/>
					<xr:ChoiceParameters/>
				</xr:StandardAttribute>
				<xr:StandardAttribute name="Code">
					<xr:LinkByType/>
					<xr:FillChecking>DontCheck</xr:FillChecking>
					<xr:MultiLine>false</xr:MultiLine>
					<xr:FillFromFillingValue>false</xr:FillFromFillingValue>
					<xr:CreateOnInput>Auto</xr:CreateOnInput>
					<xr:MaxValue xsi:nil="true"/>
					<xr:ToolTip/>
					<xr:ExtendedEdit>false</xr:ExtendedEdit>
					<xr:Format/>
					<xr:ChoiceForm/>
					<xr:QuickChoice>Auto</xr:QuickChoice>
					<xr:ChoiceHistoryOnInput>Auto</xr:ChoiceHistoryOnInput>
					<xr:EditFormat/>
					<xr:PasswordMode>false</xr:PasswordMode>
					<xr:DataHistory>Use</xr:DataHistory>
					<xr:MarkNegatives>false</xr:MarkNegatives>
					<xr:MinValue xsi:nil="true"/>
					<xr:Synonym/>
					<xr:Comment/>
					<xr:FullTextSearch>Use</xr:FullTextSearch>
					<xr:ChoiceParameterLinks/>
					<xr:FillValue xsi:nil="true"/>
					<xr:Mask/>
					<xr:ChoiceParameters/>
				</xr:StandardAttribute>
			</StandardAttributes>
			<Characteristics/>
			<PredefinedDataUpdate>Auto</PredefinedDataUpdate>
			<EditType>InDialog</EditType>
			<QuickChoice>false</QuickChoice>
			<ChoiceMode>BothWays</ChoiceMode>
			<InputByString>
				<xr:Field>Catalog.ДополнительныеОтчетыИОбработки.StandardAttribute.Description</xr:Field>
			</InputByString>
			<SearchStringModeOnInputByString>Begin</SearchStringModeOnInputByString>
			<FullTextSearchOnInputByString>DontUse</FullTextSearchOnInputByString>
			<ChoiceDataGetModeOnInputByString>Directly</ChoiceDataGetModeOnInputByString>
			<DefaultObjectForm>Catalog.ДополнительныеОтчетыИОбработки.Form.ФормаЭлемента</DefaultObjectForm>
			<DefaultFolderForm/>
			<DefaultListForm>Catalog.ДополнительныеОтчетыИОбработки.Form.ФормаСписка</DefaultListForm>
			<DefaultChoiceForm/>
			<DefaultFolderChoiceForm/>
			<AuxiliaryObjectForm/>
			<AuxiliaryFolderForm/>
			<AuxiliaryListForm/>
			<AuxiliaryChoiceForm/>
			<AuxiliaryFolderChoiceForm/>
			<IncludeHelpInContents>true</IncludeHelpInContents>
			<BasedOn/>
			<DataLockFields/>
			<DataLockControlMode>Managed</DataLockControlMode>
			<FullTextSearch>Use</FullTextSearch>
			<ObjectPresentation>
				<v8:item>
					<v8:lang>ru</v8:lang>
					<v8:content>Дополнительный отчет или обработка</v8:content>
				</v8:item>
			</ObjectPresentation>
			<ExtendedObjectPresentation/>
			<ListPresentation/>
			<ExtendedListPresentation/>
			<Explanation/>
			<CreateOnInput>Use</CreateOnInput>
			<ChoiceHistoryOnInput>Auto</ChoiceHistoryOnInput>
			<DataHistory>DontUse</DataHistory>
			<UpdateDataHistoryImmediatelyAfterWrite>false</UpdateDataHistoryImmediatelyAfterWrite>
			<ExecuteAfterWriteDataHistoryVersionProcessing>false</ExecuteAfterWriteDataHistoryVersionProcessing>
		</Properties>
		<ChildObjects>
			<Attribute uuid="43661775-43bb-4d9e-bfbb-c46e7d194ca3">
				<Properties>
					<Name>БезопасныйРежим</Name>
					<Synonym>
						<v8:item>
							<v8:lang>ru</v8:lang>
							<v8:content>Безопасный режим</v8:content>
						</v8:item>
					</Synonym>
					<Comment/>
					<Type>
						<v8:Type>xs:boolean</v8:Type>
					</Type>
					<PasswordMode>false</PasswordMode>
					<Format/>
					<EditFormat/>
					<ToolTip>
						<v8:item>
							<v8:lang>ru</v8:lang>
							<v8:content>Вызывать обработку в безопасном режиме. В безопасном режиме запрещены COM; загрузка внешних компонент; запуск внешних приложений и команд операционной системы; доступ к файловой системе (кроме временных файлов); доступ к сети Интернет.</v8:content>
						</v8:item>
					</ToolTip>
					<MarkNegatives>false</MarkNegatives>
					<Mask/>
					<MultiLine>false</MultiLine>
					<ExtendedEdit>false</ExtendedEdit>
					<MinValue xsi:nil="true"/>
					<MaxValue xsi:nil="true"/>
					<FillFromFillingValue>false</FillFromFillingValue>
					<FillValue xsi:nil="true"/>
					<FillChecking>DontCheck</FillChecking>
					<ChoiceFoldersAndItems>Items</ChoiceFoldersAndItems>
					<ChoiceParameterLinks/>
					<ChoiceParameters/>
					<QuickChoice>Auto</QuickChoice>
					<CreateOnInput>Auto</CreateOnInput>
					<ChoiceForm/>
					<LinkByType/>
					<ChoiceHistoryOnInput>Auto</ChoiceHistoryOnInput>
					<Use>ForItem</Use>
					<Indexing>DontIndex</Indexing>
					<FullTextSearch>Use</FullTextSearch>
					<DataHistory>Use</DataHistory>
				</Properties>
			</Attribute>
			<Attribute uuid="532637ef-be0d-4f42-9747-a88e17eb3def">
				<Properties>
					<Name>Версия</Name>
					<Synonym>
						<v8:item>
							<v8:lang>ru</v8:lang>
							<v8:content>Версия</v8:content>
						</v8:item>
					</Synonym>
					<Comment/>
					<Type>
						<v8:Type>xs:string</v8:Type>
						<v8:StringQualifiers>
							<v8:Length>10</v8:Length>
							<v8:AllowedLength>Variable</v8:AllowedLength>
						</v8:StringQualifiers>
					</Type>
					<PasswordMode>false</PasswordMode>
					<Format/>
					<EditFormat/>
					<ToolTip>
						<v8:item>
							<v8:lang>ru</v8:lang>
							<v8:content>Версия дополнительного отчета или обработки (устанавливается поставщиком)</v8:content>
						</v8:item>
					</ToolTip>
					<MarkNegatives>false</MarkNegatives>
					<Mask/>
					<MultiLine>false</MultiLine>
					<ExtendedEdit>false</ExtendedEdit>
					<MinValue xsi:nil="true"/>
					<MaxValue xsi:nil="true"/>
					<FillFromFillingValue>false</FillFromFillingValue>
					<FillValue xsi:nil="true"/>
					<FillChecking>DontCheck</FillChecking>
					<ChoiceFoldersAndItems>Items</ChoiceFoldersAndItems>
					<ChoiceParameterLinks/>
					<ChoiceParameters/>
					<QuickChoice>Auto</QuickChoice>
					<CreateOnInput>Auto</CreateOnInput>
					<ChoiceForm/>
					<LinkByType/>
					<ChoiceHistoryOnInput>Auto</ChoiceHistoryOnInput>
					<Use>ForItem</Use>
					<Indexing>DontIndex</Indexing>
					<FullTextSearch>Use</FullTextSearch>
					<DataHistory>Use</DataHistory>
				</Properties>
			</Attribute>
			<Attribute uuid="61127152-3e24-40b4-8a23-5eb6cae568ff">
				<Properties>
					<Name>Вид</Name>
					<Synonym>
						<v8:item>
							<v8:lang>ru</v8:lang>
							<v8:content>Вид</v8:content>
						</v8:item>
					</Synonym>
					<Comment/>
					<Type>
						<v8:Type>cfg:EnumRef.ВидыДополнительныхОтчетовИОбработок</v8:Type>
					</Type>
					<PasswordMode>false</PasswordMode>
					<Format/>
					<EditFormat/>
					<ToolTip>
						<v8:item>
							<v8:lang>ru</v8:lang>
							<v8:content>Вид дополнительного отчета или обработки</v8:content>
						</v8:item>
					</ToolTip>
					<MarkNegatives>false</MarkNegatives>
					<Mask/>
					<MultiLine>false</MultiLine>
					<ExtendedEdit>false</ExtendedEdit>
					<MinValue xsi:nil="true"/>
					<MaxValue xsi:nil="true"/>
					<FillFromFillingValue>false</FillFromFillingValue>
					<FillValue xsi:nil="true"/>
					<FillChecking>DontCheck</FillChecking>
					<ChoiceFoldersAndItems>Items</ChoiceFoldersAndItems>
					<ChoiceParameterLinks/>
					<ChoiceParameters/>
					<QuickChoice>Auto</QuickChoice>
					<CreateOnInput>Auto</CreateOnInput>
					<ChoiceForm/>
					<LinkByType/>
					<ChoiceHistoryOnInput>Auto</ChoiceHistoryOnInput>
					<Use>ForItem</Use>
					<Indexing>Index</Indexing>
					<FullTextSearch>DontUse</FullTextSearch>
					<DataHistory>Use</DataHistory>
				</Properties>
			</Attribute>
			<Attribute uuid="ffd987e3-e8af-4d46-881e-1e312e74dbac">
				<Properties>
					<Name>ИмяОбъекта</Name>
					<Synonym>
						<v8:item>
							<v8:lang>ru</v8:lang>
							<v8:content>Имя объекта</v8:content>
						</v8:item>
					</Synonym>
					<Comment/>
					<Type>
						<v8:Type>xs:string</v8:Type>
						<v8:StringQualifiers>
							<v8:Length>256</v8:Length>
							<v8:AllowedLength>Variable</v8:AllowedLength>
						</v8:StringQualifiers>
					</Type>
					<PasswordMode>false</PasswordMode>
					<Format/>
					<EditFormat/>
					<ToolTip>
						<v8:item>
							<v8:lang>ru</v8:lang>
							<v8:content>Имя, под которым дополнительный отчет или обработка регистрируется в системе</v8:content>
						</v8:item>
					</ToolTip>
					<MarkNegatives>false</MarkNegatives>
					<Mask/>
					<MultiLine>false</MultiLine>
					<ExtendedEdit>false</ExtendedEdit>
					<MinValue xsi:nil="true"/>
					<MaxValue xsi:nil="true"/>
					<FillFromFillingValue>false</FillFromFillingValue>
					<FillValue xsi:type="xs:string"/>
					<FillChecking>DontCheck</FillChecking>
					<ChoiceFoldersAndItems>Items</ChoiceFoldersAndItems>
					<ChoiceParameterLinks/>
					<ChoiceParameters/>
					<QuickChoice>Auto</QuickChoice>
					<CreateOnInput>Auto</CreateOnInput>
					<ChoiceForm/>
					<LinkByType/>
					<ChoiceHistoryOnInput>Auto</ChoiceHistoryOnInput>
					<Use>ForItem</Use>
					<Indexing>Index</Indexing>
					<FullTextSearch>Use</FullTextSearch>
					<DataHistory>Use</DataHistory>
				</Properties>
			</Attribute>
			<Attribute uuid="ad1142ed-183d-47a3-800c-997a3770e11e">
				<Properties>
					<Name>ИмяФайла</Name>
					<Synonym>
						<v8:item>
							<v8:lang>ru</v8:lang>
							<v8:content>Имя файла</v8:content>
						</v8:item>
					</Synonym>
					<Comment/>
					<Type>
						<v8:Type>xs:string</v8:Type>
						<v8:StringQualifiers>
							<v8:Length>260</v8:Length>
							<v8:AllowedLength>Variable</v8:AllowedLength>
						</v8:StringQualifiers>
					</Type>
					<PasswordMode>false</PasswordMode>
					<Format/>
					<EditFormat/>
					<ToolTip>
						<v8:item>
							<v8:lang>ru</v8:lang>
							<v8:content>Имя файла дополнительного отчета или обработки</v8:content>
						</v8:item>
					</ToolTip>
					<MarkNegatives>false</MarkNegatives>
					<Mask/>
					<MultiLine>false</MultiLine>
					<ExtendedEdit>false</ExtendedEdit>
					<MinValue xsi:nil="true"/>
					<MaxValue xsi:nil="true"/>
					<FillFromFillingValue>false</FillFromFillingValue>
					<FillValue xsi:type="xs:string"/>
					<FillChecking>DontCheck</FillChecking>
					<ChoiceFoldersAndItems>Items</ChoiceFoldersAndItems>
					<ChoiceParameterLinks/>
					<ChoiceParameters/>
					<QuickChoice>Auto</QuickChoice>
					<CreateOnInput>Auto</CreateOnInput>
					<ChoiceForm/>
					<LinkByType/>
					<ChoiceHistoryOnInput>Auto</ChoiceHistoryOnInput>
					<Use>ForItem</Use>
					<Indexing>DontIndex</Indexing>
					<FullTextSearch>Use</FullTextSearch>
					<DataHistory>Use</DataHistory>
				</Properties>
			</Attribute>
			<Attribute uuid="ebef37c6-4808-4683-93be-036ce19cafd5">
				<Properties>
					<Name>Информация</Name>
					<Synonym>
						<v8:item>
							<v8:lang>ru</v8:lang>
							<v8:content>Информация</v8:content>
						</v8:item>
					</Synonym>
					<Comment/>
					<Type>
						<v8:Type>xs:string</v8:Type>
						<v8:StringQualifiers>
							<v8:Length>1024</v8:Length>
							<v8:AllowedLength>Variable</v8:AllowedLength>
						</v8:StringQualifiers>
					</Type>
					<PasswordMode>false</PasswordMode>
					<Format/>
					<EditFormat/>
					<ToolTip>
						<v8:item>
							<v8:lang>ru</v8:lang>
							<v8:content>Краткая информация о внешней обработке</v8:content>
						</v8:item>
					</ToolTip>
					<MarkNegatives>false</MarkNegatives>
					<Mask/>
					<MultiLine>false</MultiLine>
					<ExtendedEdit>false</ExtendedEdit>
					<MinValue xsi:nil="true"/>
					<MaxValue xsi:nil="true"/>
					<FillFromFillingValue>false</FillFromFillingValue>
					<FillValue xsi:type="xs:string"/>
					<FillChecking>DontCheck</FillChecking>
					<ChoiceFoldersAndItems>Items</ChoiceFoldersAndItems>
					<ChoiceParameterLinks/>
					<ChoiceParameters/>
					<QuickChoice>Auto</QuickChoice>
					<CreateOnInput>Auto</CreateOnInput>
					<ChoiceForm/>
					<LinkByType/>
					<ChoiceHistoryOnInput>Auto</ChoiceHistoryOnInput>
					<Use>ForItem</Use>
					<Indexing>DontIndex</Indexing>
					<FullTextSearch>Use</FullTextSearch>
					<DataHistory>Use</DataHistory>
				</Properties>
			</Attribute>
			<Attribute uuid="66364cd4-aaa5-421d-96d6-3c283c14650d">
				<Properties>
					<Name>ИспользоватьДляФормыОбъекта</Name>
					<Synonym>
						<v8:item>
							<v8:lang>ru</v8:lang>
							<v8:content>Использовать для формы объекта</v8:content>
						</v8:item>
					</Synonym>
					<Comment/>
					<Type>
						<v8:Type>xs:boolean</v8:Type>
					</Type>
					<PasswordMode>false</PasswordMode>
					<Format/>
					<EditFormat/>
					<ToolTip>
						<v8:item>
							<v8:lang>ru</v8:lang>
							<v8:content>Признак использования для формы объекта</v8:content>
						</v8:item>
					</ToolTip>
					<MarkNegatives>false</MarkNegatives>
					<Mask/>
					<MultiLine>false</MultiLine>
					<ExtendedEdit>false</ExtendedEdit>
					<MinValue xsi:nil="true"/>
					<MaxValue xsi:nil="true"/>
					<FillFromFillingValue>false</FillFromFillingValue>
					<FillValue xsi:nil="true"/>
					<FillChecking>DontCheck</FillChecking>
					<ChoiceFoldersAndItems>Items</ChoiceFoldersAndItems>
					<ChoiceParameterLinks/>
					<ChoiceParameters/>
					<QuickChoice>Auto</QuickChoice>
					<CreateOnInput>Auto</CreateOnInput>
					<ChoiceForm/>
					<LinkByType/>
					<ChoiceHistoryOnInput>Auto</ChoiceHistoryOnInput>
					<Use>ForItem</Use>
					<Indexing>Index</Indexing>
					<FullTextSearch>DontUse</FullTextSearch>
					<DataHistory>Use</DataHistory>
				</Properties>
			</Attribute>
			<Attribute uuid="fdbbbf8b-dacf-436e-8d8b-1e2b8e854b17">
				<Properties>
					<Name>ИспользоватьДляФормыСписка</Name>
					<Synonym>
						<v8:item>
							<v8:lang>ru</v8:lang>
							<v8:content>Использовать для формы списка</v8:content>
						</v8:item>
					</Synonym>
					<Comment/>
					<Type>
						<v8:Type>xs:boolean</v8:Type>
					</Type>
					<PasswordMode>false</PasswordMode>
					<Format/>
					<EditFormat/>
					<ToolTip>
						<v8:item>
							<v8:lang>ru</v8:lang>
							<v8:content>Признак использования для формы списка</v8:content>
						</v8:item>
					</ToolTip>
					<MarkNegatives>false</MarkNegatives>
					<Mask/>
					<MultiLine>false</MultiLine>
					<ExtendedEdit>false</ExtendedEdit>
					<MinValue xsi:nil="true"/>
					<MaxValue xsi:nil="true"/>
					<FillFromFillingValue>false</FillFromFillingValue>
					<FillValue xsi:nil="true"/>
					<FillChecking>DontCheck</FillChecking>
					<ChoiceFoldersAndItems>Items</ChoiceFoldersAndItems>
					<ChoiceParameterLinks/>
					<ChoiceParameters/>
					<QuickChoice>Auto</QuickChoice>
					<CreateOnInput>Auto</CreateOnInput>
					<ChoiceForm/>
					<LinkByType/>
					<ChoiceHistoryOnInput>Auto</ChoiceHistoryOnInput>
					<Use>ForItem</Use>
					<Indexing>Index</Indexing>
					<FullTextSearch>DontUse</FullTextSearch>
					<DataHistory>Use</DataHistory>
				</Properties>
			</Attribute>
			<Attribute uuid="3c54d440-e908-43d6-a5cc-bb64620c82d7">
				<Properties>
					<Name>Комментарий</Name>
					<Synonym>
						<v8:item>
							<v8:lang>ru</v8:lang>
							<v8:content>Комментарий</v8:content>
						</v8:item>
					</Synonym>
					<Comment/>
					<Type>
						<v8:Type>xs:string</v8:Type>
						<v8:StringQualifiers>
							<v8:Length>0</v8:Length>
							<v8:AllowedLength>Variable</v8:AllowedLength>
						</v8:StringQualifiers>
					</Type>
					<PasswordMode>false</PasswordMode>
					<Format/>
					<EditFormat/>
					<ToolTip>
						<v8:item>
							<v8:lang>ru</v8:lang>
							<v8:content>Комментарий ответственного за ведение списка обработок</v8:content>
						</v8:item>
					</ToolTip>
					<MarkNegatives>false</MarkNegatives>
					<Mask/>
					<MultiLine>false</MultiLine>
					<ExtendedEdit>false</ExtendedEdit>
					<MinValue xsi:nil="true"/>
					<MaxValue xsi:nil="true"/>
					<FillFromFillingValue>false</FillFromFillingValue>
					<FillValue xsi:type="xs:string"/>
					<FillChecking>DontCheck</FillChecking>
					<ChoiceFoldersAndItems>Items</ChoiceFoldersAndItems>
					<ChoiceParameterLinks/>
					<ChoiceParameters/>
					<QuickChoice>Auto</QuickChoice>
					<CreateOnInput>Auto</CreateOnInput>
					<ChoiceForm/>
					<LinkByType/>
					<ChoiceHistoryOnInput>Auto</ChoiceHistoryOnInput>
					<Use>ForItem</Use>
					<Indexing>DontIndex</Indexing>
					<FullTextSearch>Use</FullTextSearch>
					<DataHistory>Use</DataHistory>
				</Properties>
			</Attribute>
			<Attribute uuid="23a240a2-52ee-46ab-89d9-50dcee2cc8d2">
				<Properties>
					<Name>Ответственный</Name>
					<Synonym>
						<v8:item>
							<v8:lang>ru</v8:lang>
							<v8:content>Ответственный</v8:content>
						</v8:item>
					</Synonym>
					<Comment/>
					<Type>
						<v8:Type>cfg:CatalogRef.Пользователи</v8:Type>
					</Type>
					<PasswordMode>false</PasswordMode>
					<Format/>
					<EditFormat/>
					<ToolTip>
						<v8:item>
							<v8:lang>ru</v8:lang>
							<v8:content>Пользователь, добавивший обработку</v8:content>
						</v8:item>
					</ToolTip>
					<MarkNegatives>false</MarkNegatives>
					<Mask/>
					<MultiLine>false</MultiLine>
					<ExtendedEdit>false</ExtendedEdit>
					<MinValue xsi:nil="true"/>
					<MaxValue xsi:nil="true"/>
					<FillFromFillingValue>false</FillFromFillingValue>
					<FillValue xsi:nil="true"/>
					<FillChecking>ShowError</FillChecking>
					<ChoiceFoldersAndItems>Items</ChoiceFoldersAndItems>
					<ChoiceParameterLinks/>
					<ChoiceParameters/>
					<QuickChoice>Auto</QuickChoice>
					<CreateOnInput>Auto</CreateOnInput>
					<ChoiceForm/>
					<LinkByType/>
					<ChoiceHistoryOnInput>Auto</ChoiceHistoryOnInput>
					<Use>ForItem</Use>
					<Indexing>DontIndex</Indexing>
					<FullTextSearch>Use</FullTextSearch>
					<DataHistory>Use</DataHistory>
				</Properties>
			</Attribute>
			<Attribute uuid="bf1dd911-8ee1-407b-acae-10c85b74baf3">
				<Properties>
					<Name>Публикация</Name>
					<Synonym>
						<v8:item>
							<v8:lang>ru</v8:lang>
							<v8:content>Публикация</v8:content>
						</v8:item>
					</Synonym>
					<Comment/>
					<Type>
						<v8:Type>cfg:EnumRef.ВариантыПубликацииДополнительныхОтчетовИОбработок</v8:Type>
					</Type>
					<PasswordMode>false</PasswordMode>
					<Format/>
					<EditFormat/>
					<ToolTip>
						<v8:item>
							<v8:lang>ru</v8:lang>
							<v8:content>Вариант публикации (опубликовано, опубликовано для тестирования, не опубликовано)</v8:content>
						</v8:item>
					</ToolTip>
					<MarkNegatives>false</MarkNegatives>
					<Mask/>
					<MultiLine>false</MultiLine>
					<ExtendedEdit>false</ExtendedEdit>
					<MinValue xsi:nil="true"/>
					<MaxValue xsi:nil="true"/>
					<FillFromFillingValue>true</FillFromFillingValue>
					<FillValue xsi:type="xr:DesignTimeRef">Enum.ВариантыПубликацииДополнительныхОтчетовИОбработок.EnumValue.Используется</FillValue>
					<FillChecking>ShowError</FillChecking>
					<ChoiceFoldersAndItems>Items</ChoiceFoldersAndItems>
					<ChoiceParameterLinks/>
					<ChoiceParameters/>
					<QuickChoice>Auto</QuickChoice>
					<CreateOnInput>Auto</CreateOnInput>
					<ChoiceForm/>
					<LinkByType/>
					<ChoiceHistoryOnInput>Auto</ChoiceHistoryOnInput>
					<Use>ForItem</Use>
					<Indexing>DontIndex</Indexing>
					<FullTextSearch>Use</FullTextSearch>
					<DataHistory>Use</DataHistory>
				</Properties>
			</Attribute>
			<Attribute uuid="e924058f-25c3-4744-a565-836b824991b7">
				<Properties>
					<Name>ХранилищеНастроек</Name>
					<Synonym>
						<v8:item>
							<v8:lang>ru</v8:lang>
							<v8:content>Хранилище настроек</v8:content>
						</v8:item>
					</Synonym>
					<Comment/>
					<Type>
						<v8:Type>v8:ValueStorage</v8:Type>
					</Type>
					<PasswordMode>false</PasswordMode>
					<Format/>
					<EditFormat/>
					<ToolTip>
						<v8:item>
							<v8:lang>ru</v8:lang>
							<v8:content>Двоичные данные настроек дополнительного отчета или обработки</v8:content>
						</v8:item>
					</ToolTip>
					<MarkNegatives>false</MarkNegatives>
					<Mask/>
					<MultiLine>false</MultiLine>
					<ExtendedEdit>false</ExtendedEdit>
					<MinValue xsi:nil="true"/>
					<MaxValue xsi:nil="true"/>
					<FillFromFillingValue>false</FillFromFillingValue>
					<FillValue xsi:nil="true"/>
					<FillChecking>DontCheck</FillChecking>
					<ChoiceFoldersAndItems>Items</ChoiceFoldersAndItems>
					<ChoiceParameterLinks/>
					<ChoiceParameters/>
					<QuickChoice>Auto</QuickChoice>
					<CreateOnInput>Auto</CreateOnInput>
					<ChoiceForm/>
					<LinkByType/>
					<ChoiceHistoryOnInput>Auto</ChoiceHistoryOnInput>
					<Use>ForItem</Use>
					<Indexing>DontIndex</Indexing>
					<FullTextSearch>DontUse</FullTextSearch>
					<DataHistory>Use</DataHistory>
				</Properties>
			</Attribute>
			<Attribute uuid="bc6a47a1-a3f3-4d7e-9dad-099bd3dba751">
				<Properties>
					<Name>ХранилищеОбработки</Name>
					<Synonym>
						<v8:item>
							<v8:lang>ru</v8:lang>
							<v8:content>Хранилище обработки</v8:content>
						</v8:item>
					</Synonym>
					<Comment/>
					<Type>
						<v8:Type>v8:ValueStorage</v8:Type>
					</Type>
					<PasswordMode>false</PasswordMode>
					<Format/>
					<EditFormat/>
					<ToolTip>
						<v8:item>
							<v8:lang>ru</v8:lang>
							<v8:content>Двоичные данные дополнительного отчета или обработки</v8:content>
						</v8:item>
					</ToolTip>
					<MarkNegatives>false</MarkNegatives>
					<Mask/>
					<MultiLine>false</MultiLine>
					<ExtendedEdit>false</ExtendedEdit>
					<MinValue xsi:nil="true"/>
					<MaxValue xsi:nil="true"/>
					<FillFromFillingValue>false</FillFromFillingValue>
					<FillValue xsi:nil="true"/>
					<FillChecking>DontCheck</FillChecking>
					<ChoiceFoldersAndItems>Items</ChoiceFoldersAndItems>
					<ChoiceParameterLinks/>
					<ChoiceParameters/>
					<QuickChoice>Auto</QuickChoice>
					<CreateOnInput>Auto</CreateOnInput>
					<ChoiceForm/>
					<LinkByType/>
					<ChoiceHistoryOnInput>Auto</ChoiceHistoryOnInput>
					<Use>ForItem</Use>
					<Indexing>DontIndex</Indexing>
					<FullTextSearch>DontUse</FullTextSearch>
					<DataHistory>Use</DataHistory>
				</Properties>
			</Attribute>
			<Attribute uuid="518dcd70-4ccf-4866-a94f-7ceec7dd2801">
				<Properties>
					<Name>ИспользуетХранилищеВариантов</Name>
					<Synonym>
						<v8:item>
							<v8:lang>ru</v8:lang>
							<v8:content>Использует хранилище вариантов</v8:content>
						</v8:item>
					</Synonym>
					<Comment>Когда Истина то дополнительный отчет подключен к хранилищу вариантов "ХранилищеВариантовОтчетов".</Comment>
					<Type>
						<v8:Type>xs:boolean</v8:Type>
					</Type>
					<PasswordMode>false</PasswordMode>
					<Format/>
					<EditFormat/>
					<ToolTip>
						<v8:item>
							<v8:lang>ru</v8:lang>
							<v8:content>Определяет может ли дополнительный отчет выводиться в панелях отчетов.
Заполняется автоматически при подключении дополнительного отчета/обработки.</v8:content>
						</v8:item>
					</ToolTip>
					<MarkNegatives>false</MarkNegatives>
					<Mask/>
					<MultiLine>false</MultiLine>
					<ExtendedEdit>false</ExtendedEdit>
					<MinValue xsi:nil="true"/>
					<MaxValue xsi:nil="true"/>
					<FillFromFillingValue>false</FillFromFillingValue>
					<FillValue xsi:nil="true"/>
					<FillChecking>DontCheck</FillChecking>
					<ChoiceFoldersAndItems>Items</ChoiceFoldersAndItems>
					<ChoiceParameterLinks/>
					<ChoiceParameters/>
					<QuickChoice>Auto</QuickChoice>
					<CreateOnInput>Auto</CreateOnInput>
					<ChoiceForm/>
					<LinkByType/>
					<ChoiceHistoryOnInput>Auto</ChoiceHistoryOnInput>
					<Use>ForItem</Use>
					<Indexing>Index</Indexing>
					<FullTextSearch>Use</FullTextSearch>
					<DataHistory>Use</DataHistory>
				</Properties>
			</Attribute>
			<Attribute uuid="f9950ab5-1077-4033-bbbf-53899a1bcf33">
				<Properties>
					<Name>ТеснаяИнтеграцияСФормойОтчета</Name>
					<Synonym>
						<v8:item>
							<v8:lang>ru</v8:lang>
							<v8:content>Тесная интеграция с формой отчета</v8:content>
						</v8:item>
					</Synonym>
					<Comment>Когда Истина то у отчета есть программный интерфейс для тесной интеграции с общей формой "ФормаОтчета".</Comment>
					<Type>
						<v8:Type>xs:boolean</v8:Type>
					</Type>
					<PasswordMode>false</PasswordMode>
					<Format/>
					<EditFormat/>
					<ToolTip>
						<v8:item>
							<v8:lang>ru</v8:lang>
							<v8:content>Заполняется автоматически при подключении дополнительного отчета/обработки.</v8:content>
						</v8:item>
					</ToolTip>
					<MarkNegatives>false</MarkNegatives>
					<Mask/>
					<MultiLine>false</MultiLine>
					<ExtendedEdit>false</ExtendedEdit>
					<MinValue xsi:nil="true"/>
					<MaxValue xsi:nil="true"/>
					<FillFromFillingValue>false</FillFromFillingValue>
					<FillValue xsi:nil="true"/>
					<FillChecking>DontCheck</FillChecking>
					<ChoiceFoldersAndItems>Items</ChoiceFoldersAndItems>
					<ChoiceParameterLinks/>
					<ChoiceParameters/>
					<QuickChoice>Auto</QuickChoice>
					<CreateOnInput>Auto</CreateOnInput>
					<ChoiceForm/>
					<LinkByType/>
					<ChoiceHistoryOnInput>Auto</ChoiceHistoryOnInput>
					<Use>ForItem</Use>
					<Indexing>Index</Indexing>
					<FullTextSearch>Use</FullTextSearch>
					<DataHistory>Use</DataHistory>
				</Properties>
			</Attribute>
			<Attribute uuid="8f16763b-86f0-4ad0-b786-cce7dcb3460e">
				<Properties>
					<Name>РежимСовместимостиРазрешений</Name>
					<Synonym>
						<v8:item>
							<v8:lang>ru</v8:lang>
							<v8:content>Режим совместимости разрешений</v8:content>
						</v8:item>
					</Synonym>
					<Comment/>
					<Type>
						<v8:Type>cfg:EnumRef.РежимыСовместимостиРазрешенийДополнительныхОтчетовИОбработок</v8:Type>
					</Type>
					<PasswordMode>false</PasswordMode>
					<Format/>
					<EditFormat/>
					<ToolTip>
						<v8:item>
							<v8:lang>ru</v8:lang>
							<v8:content>Режим совместимости, исходя из которого при подключении дополнительного отчета или обработки определяется способ интерпретации запрошенных разрешений. Задается в качестве версии библиотеки "1С:Библиотека стандартных подсистем".</v8:content>
						</v8:item>
					</ToolTip>
					<MarkNegatives>false</MarkNegatives>
					<Mask/>
					<MultiLine>false</MultiLine>
					<ExtendedEdit>false</ExtendedEdit>
					<MinValue xsi:nil="true"/>
					<MaxValue xsi:nil="true"/>
					<FillFromFillingValue>false</FillFromFillingValue>
					<FillValue xsi:nil="true"/>
					<FillChecking>DontCheck</FillChecking>
					<ChoiceFoldersAndItems>Items</ChoiceFoldersAndItems>
					<ChoiceParameterLinks/>
					<ChoiceParameters/>
					<QuickChoice>Auto</QuickChoice>
					<CreateOnInput>Auto</CreateOnInput>
					<ChoiceForm/>
					<LinkByType/>
					<ChoiceHistoryOnInput>Auto</ChoiceHistoryOnInput>
					<Use>ForItem</Use>
					<Indexing>DontIndex</Indexing>
					<FullTextSearch>Use</FullTextSearch>
					<DataHistory>Use</DataHistory>
				</Properties>
			</Attribute>
			<TabularSection uuid="0481bc65-6a32-46b9-ae87-993ba52a29a5">
				<InternalInfo>
					<xr:GeneratedType name="CatalogTabularSection.ДополнительныеОтчетыИОбработки.Команды" category="TabularSection">
						<xr:TypeId>bf58afbf-1c94-47e6-a5ba-c5d7d219ac91</xr:TypeId>
						<xr:ValueId>b911e797-06eb-405d-a5b3-0ef90c3cef79</xr:ValueId>
					</xr:GeneratedType>
					<xr:GeneratedType name="CatalogTabularSectionRow.ДополнительныеОтчетыИОбработки.Команды" category="TabularSectionRow">
						<xr:TypeId>059671da-eab7-4c3e-8678-a3ba8eb4ca87</xr:TypeId>
						<xr:ValueId>58b1bcae-fe9b-4f71-ab7c-46c5dd19b3da</xr:ValueId>
					</xr:GeneratedType>
				</InternalInfo>
				<Properties>
					<Name>Команды</Name>
					<Synonym>
						<v8:item>
							<v8:lang>ru</v8:lang>
							<v8:content>Команды</v8:content>
						</v8:item>
					</Synonym>
					<Comment/>
					<ToolTip/>
					<FillChecking>DontCheck</FillChecking>
					<StandardAttributes>
						<xr:StandardAttribute name="LineNumber">
							<xr:LinkByType/>
							<xr:FillChecking>DontCheck</xr:FillChecking>
							<xr:MultiLine>false</xr:MultiLine>
							<xr:FillFromFillingValue>false</xr:FillFromFillingValue>
							<xr:CreateOnInput>Auto</xr:CreateOnInput>
							<xr:MaxValue xsi:nil="true"/>
							<xr:ToolTip/>
							<xr:ExtendedEdit>false</xr:ExtendedEdit>
							<xr:Format/>
							<xr:ChoiceForm/>
							<xr:QuickChoice>Auto</xr:QuickChoice>
							<xr:ChoiceHistoryOnInput>Auto</xr:ChoiceHistoryOnInput>
							<xr:EditFormat/>
							<xr:PasswordMode>false</xr:PasswordMode>
							<xr:DataHistory>Use</xr:DataHistory>
							<xr:MarkNegatives>false</xr:MarkNegatives>
							<xr:MinValue xsi:nil="true"/>
							<xr:Synonym/>
							<xr:Comment/>
							<xr:FullTextSearch>Use</xr:FullTextSearch>
							<xr:ChoiceParameterLinks/>
							<xr:FillValue xsi:nil="true"/>
							<xr:Mask/>
							<xr:ChoiceParameters/>
						</xr:StandardAttribute>
					</StandardAttributes>
					<Use>ForItem</Use>
				</Properties>
				<ChildObjects>
					<Attribute uuid="36ebebbb-dff1-4dbd-870b-58bd4a71fa1f">
						<Properties>
							<Name>Идентификатор</Name>
							<Synonym>
								<v8:item>
									<v8:lang>ru</v8:lang>
									<v8:content>Идентификатор</v8:content>
								</v8:item>
							</Synonym>
							<Comment/>
							<Type>
								<v8:Type>xs:string</v8:Type>
								<v8:StringQualifiers>
									<v8:Length>100</v8:Length>
									<v8:AllowedLength>Variable</v8:AllowedLength>
								</v8:StringQualifiers>
							</Type>
							<PasswordMode>false</PasswordMode>
							<Format/>
							<EditFormat/>
							<ToolTip>
								<v8:item>
									<v8:lang>ru</v8:lang>
									<v8:content>Идентификатор команды (служебное поле)</v8:content>
								</v8:item>
							</ToolTip>
							<MarkNegatives>false</MarkNegatives>
							<Mask/>
							<MultiLine>false</MultiLine>
							<ExtendedEdit>false</ExtendedEdit>
							<MinValue xsi:nil="true"/>
							<MaxValue xsi:nil="true"/>
							<FillChecking>DontCheck</FillChecking>
							<ChoiceFoldersAndItems>Items</ChoiceFoldersAndItems>
							<ChoiceParameterLinks/>
							<ChoiceParameters/>
							<QuickChoice>Auto</QuickChoice>
							<CreateOnInput>Auto</CreateOnInput>
							<ChoiceForm/>
							<LinkByType/>
							<ChoiceHistoryOnInput>Auto</ChoiceHistoryOnInput>
							<Indexing>DontIndex</Indexing>
							<FullTextSearch>Use</FullTextSearch>
							<DataHistory>Use</DataHistory>
						</Properties>
					</Attribute>
					<Attribute uuid="dbc5f419-63b0-4cbe-90ff-c0101105e46c">
						<Properties>
							<Name>ВариантЗапуска</Name>
							<Synonym>
								<v8:item>
									<v8:lang>ru</v8:lang>
									<v8:content>Вариант запуска</v8:content>
								</v8:item>
							</Synonym>
							<Comment/>
							<Type>
								<v8:Type>cfg:EnumRef.СпособыВызоваДополнительныхОбработок</v8:Type>
							</Type>
							<PasswordMode>false</PasswordMode>
							<Format/>
							<EditFormat/>
							<ToolTip>
								<v8:item>
									<v8:lang>ru</v8:lang>
									<v8:content>Вариант запуска команды (клиент, сервер, открытие формы)</v8:content>
								</v8:item>
							</ToolTip>
							<MarkNegatives>false</MarkNegatives>
							<Mask/>
							<MultiLine>false</MultiLine>
							<ExtendedEdit>false</ExtendedEdit>
							<MinValue xsi:nil="true"/>
							<MaxValue xsi:nil="true"/>
							<FillChecking>DontCheck</FillChecking>
							<ChoiceFoldersAndItems>Items</ChoiceFoldersAndItems>
							<ChoiceParameterLinks/>
							<ChoiceParameters/>
							<QuickChoice>Auto</QuickChoice>
							<CreateOnInput>Auto</CreateOnInput>
							<ChoiceForm/>
							<LinkByType/>
							<ChoiceHistoryOnInput>Auto</ChoiceHistoryOnInput>
							<Indexing>DontIndex</Indexing>
							<FullTextSearch>Use</FullTextSearch>
							<DataHistory>Use</DataHistory>
						</Properties>
					</Attribute>
					<Attribute uuid="c708f6e9-b7a0-4046-90f3-83527da7b872">
						<Properties>
							<Name>Представление</Name>
							<Synonym>
								<v8:item>
									<v8:lang>ru</v8:lang>
									<v8:content>Наименование</v8:content>
								</v8:item>
							</Synonym>
							<Comment/>
							<Type>
								<v8:Type>xs:string</v8:Type>
								<v8:StringQualifiers>
									<v8:Length>200</v8:Length>
									<v8:AllowedLength>Variable</v8:AllowedLength>
								</v8:StringQualifiers>
							</Type>
							<PasswordMode>false</PasswordMode>
							<Format/>
							<EditFormat/>
							<ToolTip>
								<v8:item>
									<v8:lang>ru</v8:lang>
									<v8:content>Представление команды в пользовательском интерфейсе.</v8:content>
								</v8:item>
							</ToolTip>
							<MarkNegatives>false</MarkNegatives>
							<Mask/>
							<MultiLine>false</MultiLine>
							<ExtendedEdit>false</ExtendedEdit>
							<MinValue xsi:nil="true"/>
							<MaxValue xsi:nil="true"/>
							<FillChecking>DontCheck</FillChecking>
							<ChoiceFoldersAndItems>Items</ChoiceFoldersAndItems>
							<ChoiceParameterLinks/>
							<ChoiceParameters/>
							<QuickChoice>Auto</QuickChoice>
							<CreateOnInput>Auto</CreateOnInput>
							<ChoiceForm/>
							<LinkByType/>
							<ChoiceHistoryOnInput>Auto</ChoiceHistoryOnInput>
							<Indexing>Index</Indexing>
							<FullTextSearch>Use</FullTextSearch>
							<DataHistory>Use</DataHistory>
						</Properties>
					</Attribute>
					<Attribute uuid="0006b44a-3a0c-4be4-8dd0-bd0db9ddcc4d">
						<Properties>
							<Name>ПоказыватьОповещение</Name>
							<Synonym>
								<v8:item>
									<v8:lang>ru</v8:lang>
									<v8:content>Показывать оповещение</v8:content>
								</v8:item>
							</Synonym>
							<Comment/>
							<Type>
								<v8:Type>xs:boolean</v8:Type>
							</Type>
							<PasswordMode>false</PasswordMode>
							<Format/>
							<EditFormat/>
							<ToolTip>
								<v8:item>
									<v8:lang>ru</v8:lang>
									<v8:content>Показывать оповещение пользователю после выполнения</v8:content>
								</v8:item>
							</ToolTip>
							<MarkNegatives>false</MarkNegatives>
							<Mask/>
							<MultiLine>false</MultiLine>
							<ExtendedEdit>false</ExtendedEdit>
							<MinValue xsi:nil="true"/>
							<MaxValue xsi:nil="true"/>
							<FillChecking>DontCheck</FillChecking>
							<ChoiceFoldersAndItems>Items</ChoiceFoldersAndItems>
							<ChoiceParameterLinks/>
							<ChoiceParameters/>
							<QuickChoice>Auto</QuickChoice>
							<CreateOnInput>Auto</CreateOnInput>
							<ChoiceForm/>
							<LinkByType/>
							<ChoiceHistoryOnInput>Auto</ChoiceHistoryOnInput>
							<Indexing>DontIndex</Indexing>
							<FullTextSearch>DontUse</FullTextSearch>
							<DataHistory>Use</DataHistory>
						</Properties>
					</Attribute>
					<Attribute uuid="14256e0a-a947-42a3-8e36-47bfbb052a0c">
						<Properties>
							<Name>Модификатор</Name>
							<Synonym>
								<v8:item>
									<v8:lang>ru</v8:lang>
									<v8:content>Модификатор</v8:content>
								</v8:item>
							</Synonym>
							<Comment/>
							<Type>
								<v8:Type>xs:string</v8:Type>
								<v8:StringQualifiers>
									<v8:Length>256</v8:Length>
									<v8:AllowedLength>Variable</v8:AllowedLength>
								</v8:StringQualifiers>
							</Type>
							<PasswordMode>false</PasswordMode>
							<Format/>
							<EditFormat/>
							<ToolTip>
								<v8:item>
									<v8:lang>ru</v8:lang>
									<v8:content>Модификатор команды (служебное поле)</v8:content>
								</v8:item>
							</ToolTip>
							<MarkNegatives>false</MarkNegatives>
							<Mask/>
							<MultiLine>false</MultiLine>
							<ExtendedEdit>false</ExtendedEdit>
							<MinValue xsi:nil="true"/>
							<MaxValue xsi:nil="true"/>
							<FillChecking>DontCheck</FillChecking>
							<ChoiceFoldersAndItems>Items</ChoiceFoldersAndItems>
							<ChoiceParameterLinks/>
							<ChoiceParameters/>
							<QuickChoice>Auto</QuickChoice>
							<CreateOnInput>Auto</CreateOnInput>
							<ChoiceForm/>
							<LinkByType/>
							<ChoiceHistoryOnInput>Auto</ChoiceHistoryOnInput>
							<Indexing>DontIndex</Indexing>
							<FullTextSearch>DontUse</FullTextSearch>
							<DataHistory>Use</DataHistory>
						</Properties>
					</Attribute>
					<Attribute uuid="1b1aa77a-d14b-4751-a7da-0b5bac4db461">
						<Properties>
							<Name>РегламентноеЗаданиеGUID</Name>
							<Synonym>
								<v8:item>
									<v8:lang>ru</v8:lang>
									<v8:content>Регламентное задание GUID</v8:content>
								</v8:item>
							</Synonym>
							<Comment/>
							<Type>
								<v8:Type>v8:UUID</v8:Type>
							</Type>
							<PasswordMode>false</PasswordMode>
							<Format/>
							<EditFormat/>
							<ToolTip>
								<v8:item>
									<v8:lang>ru</v8:lang>
									<v8:content>Идентификатор связанного регламентного задания</v8:content>
								</v8:item>
							</ToolTip>
							<MarkNegatives>false</MarkNegatives>
							<Mask/>
							<MultiLine>false</MultiLine>
							<ExtendedEdit>false</ExtendedEdit>
							<MinValue xsi:nil="true"/>
							<MaxValue xsi:nil="true"/>
							<FillChecking>DontCheck</FillChecking>
							<ChoiceFoldersAndItems>Items</ChoiceFoldersAndItems>
							<ChoiceParameterLinks/>
							<ChoiceParameters/>
							<QuickChoice>Auto</QuickChoice>
							<CreateOnInput>Auto</CreateOnInput>
							<ChoiceForm/>
							<LinkByType/>
							<ChoiceHistoryOnInput>Auto</ChoiceHistoryOnInput>
							<Indexing>DontIndex</Indexing>
							<FullTextSearch>DontUse</FullTextSearch>
							<DataHistory>Use</DataHistory>
						</Properties>
					</Attribute>
					<Attribute uuid="c0dcdb22-6719-4597-a781-bca1370909e5">
						<Properties>
							<Name>Скрыть</Name>
							<Synonym>
								<v8:item>
									<v8:lang>ru</v8:lang>
									<v8:content>Скрыть</v8:content>
								</v8:item>
							</Synonym>
							<Comment/>
							<Type>
								<v8:Type>xs:boolean</v8:Type>
							</Type>
							<PasswordMode>false</PasswordMode>
							<Format/>
							<EditFormat/>
							<ToolTip>
								<v8:item>
									<v8:lang>ru</v8:lang>
									<v8:content>"Да" - Серверная команда, которая вызывается из формы внешней обработки.
Значение по умолчанию - "Нет".</v8:content>
								</v8:item>
							</ToolTip>
							<MarkNegatives>false</MarkNegatives>
							<Mask/>
							<MultiLine>false</MultiLine>
							<ExtendedEdit>false</ExtendedEdit>
							<MinValue xsi:nil="true"/>
							<MaxValue xsi:nil="true"/>
							<FillChecking>DontCheck</FillChecking>
							<ChoiceFoldersAndItems>Items</ChoiceFoldersAndItems>
							<ChoiceParameterLinks/>
							<ChoiceParameters/>
							<QuickChoice>Auto</QuickChoice>
							<CreateOnInput>Auto</CreateOnInput>
							<ChoiceForm/>
							<LinkByType/>
							<ChoiceHistoryOnInput>Auto</ChoiceHistoryOnInput>
							<Indexing>DontIndex</Indexing>
							<FullTextSearch>Use</FullTextSearch>
							<DataHistory>Use</DataHistory>
						</Properties>
					</Attribute>
					<Attribute uuid="7ebf99c3-33d2-4e4c-ac45-ca4ed0c3c100">
						<Properties>
							<Name>ЗаменяемыеКоманды</Name>
							<Synonym>
								<v8:item>
									<v8:lang>ru</v8:lang>
									<v8:content>Заменяемые команды</v8:content>
								</v8:item>
							</Synonym>
							<Comment/>
							<Type>
								<v8:Type>xs:string</v8:Type>
								<v8:StringQualifiers>
									<v8:Length>0</v8:Length>
									<v8:AllowedLength>Variable</v8:AllowedLength>
								</v8:StringQualifiers>
							</Type>
							<PasswordMode>false</PasswordMode>
							<Format/>
							<EditFormat/>
							<ToolTip>
								<v8:item>
									<v8:lang>ru</v8:lang>
									<v8:content>Идентификаторы заменяемых команд печати.</v8:content>
								</v8:item>
							</ToolTip>
							<MarkNegatives>false</MarkNegatives>
							<Mask/>
							<MultiLine>false</MultiLine>
							<ExtendedEdit>false</ExtendedEdit>
							<MinValue xsi:nil="true"/>
							<MaxValue xsi:nil="true"/>
							<FillChecking>DontCheck</FillChecking>
							<ChoiceFoldersAndItems>Items</ChoiceFoldersAndItems>
							<ChoiceParameterLinks/>
							<ChoiceParameters/>
							<QuickChoice>Auto</QuickChoice>
							<CreateOnInput>Auto</CreateOnInput>
							<ChoiceForm/>
							<LinkByType/>
							<ChoiceHistoryOnInput>Auto</ChoiceHistoryOnInput>
							<Indexing>DontIndex</Indexing>
							<FullTextSearch>Use</FullTextSearch>
							<DataHistory>Use</DataHistory>
						</Properties>
					</Attribute>
				</ChildObjects>
			</TabularSection>
			<TabularSection uuid="7a34f723-cd14-4949-a40f-7ce579bf0449">
				<InternalInfo>
					<xr:GeneratedType name="CatalogTabularSection.ДополнительныеОтчетыИОбработки.Назначение" category="TabularSection">
						<xr:TypeId>8109afaa-0cfd-497c-8ee4-3eec82071f00</xr:TypeId>
						<xr:ValueId>df4eca60-dcdd-414b-a457-67fc1e55488d</xr:ValueId>
					</xr:GeneratedType>
					<xr:GeneratedType name="CatalogTabularSectionRow.ДополнительныеОтчетыИОбработки.Назначение" category="TabularSectionRow">
						<xr:TypeId>d0e0147f-16e3-4be2-b4a8-c51e2b23b9b9</xr:TypeId>
						<xr:ValueId>5173375c-51ff-44b5-b71c-b1fe0441e3a8</xr:ValueId>
					</xr:GeneratedType>
				</InternalInfo>
				<Properties>
					<Name>Назначение</Name>
					<Synonym>
						<v8:item>
							<v8:lang>ru</v8:lang>
							<v8:content>Назначение</v8:content>
						</v8:item>
					</Synonym>
					<Comment/>
					<ToolTip/>
					<FillChecking>DontCheck</FillChecking>
					<StandardAttributes>
						<xr:StandardAttribute name="LineNumber">
							<xr:LinkByType/>
							<xr:FillChecking>DontCheck</xr:FillChecking>
							<xr:MultiLine>false</xr:MultiLine>
							<xr:FillFromFillingValue>false</xr:FillFromFillingValue>
							<xr:CreateOnInput>Auto</xr:CreateOnInput>
							<xr:MaxValue xsi:nil="true"/>
							<xr:ToolTip/>
							<xr:ExtendedEdit>false</xr:ExtendedEdit>
							<xr:Format/>
							<xr:ChoiceForm/>
							<xr:QuickChoice>Auto</xr:QuickChoice>
							<xr:ChoiceHistoryOnInput>Auto</xr:ChoiceHistoryOnInput>
							<xr:EditFormat/>
							<xr:PasswordMode>false</xr:PasswordMode>
							<xr:DataHistory>Use</xr:DataHistory>
							<xr:MarkNegatives>false</xr:MarkNegatives>
							<xr:MinValue xsi:nil="true"/>
							<xr:Synonym/>
							<xr:Comment/>
							<xr:FullTextSearch>Use</xr:FullTextSearch>
							<xr:ChoiceParameterLinks/>
							<xr:FillValue xsi:nil="true"/>
							<xr:Mask/>
							<xr:ChoiceParameters/>
						</xr:StandardAttribute>
					</StandardAttributes>
					<Use>ForItem</Use>
				</Properties>
				<ChildObjects>
					<Attribute uuid="5cdc9ac7-bba9-4ed1-845a-607976fc4679">
						<Properties>
							<Name>ОбъектНазначения</Name>
							<Synonym>
								<v8:item>
									<v8:lang>ru</v8:lang>
									<v8:content>Объект назначения</v8:content>
								</v8:item>
							</Synonym>
							<Comment/>
							<Type>
								<v8:Type>cfg:CatalogRef.ИдентификаторыОбъектовМетаданных</v8:Type>
							</Type>
							<PasswordMode>false</PasswordMode>
							<Format/>
							<EditFormat/>
							<ToolTip>
								<v8:item>
									<v8:lang>ru</v8:lang>
									<v8:content>Тип объектов, в списке или карточке которых должна выводиться эта дополнительная обработка.</v8:content>
								</v8:item>
							</ToolTip>
							<MarkNegatives>false</MarkNegatives>
							<Mask/>
							<MultiLine>false</MultiLine>
							<ExtendedEdit>false</ExtendedEdit>
							<MinValue xsi:nil="true"/>
							<MaxValue xsi:nil="true"/>
							<FillChecking>DontCheck</FillChecking>
							<ChoiceFoldersAndItems>Items</ChoiceFoldersAndItems>
							<ChoiceParameterLinks/>
							<ChoiceParameters/>
							<QuickChoice>Auto</QuickChoice>
							<CreateOnInput>Auto</CreateOnInput>
							<ChoiceForm/>
							<LinkByType/>
							<ChoiceHistoryOnInput>Auto</ChoiceHistoryOnInput>
							<Indexing>Index</Indexing>
							<FullTextSearch>Use</FullTextSearch>
							<DataHistory>Use</DataHistory>
						</Properties>
					</Attribute>
				</ChildObjects>
			</TabularSection>
			<TabularSection uuid="86c22871-6d1c-44e0-8ade-ce4bdeb23321">
				<InternalInfo>
					<xr:GeneratedType name="CatalogTabularSection.ДополнительныеОтчетыИОбработки.Разделы" category="TabularSection">
						<xr:TypeId>0f33bc84-b709-4dd9-8658-c6f79602e3a7</xr:TypeId>
						<xr:ValueId>866bd692-ee88-4d7c-933e-aa1edd69bf90</xr:ValueId>
					</xr:GeneratedType>
					<xr:GeneratedType name="CatalogTabularSectionRow.ДополнительныеОтчетыИОбработки.Разделы" category="TabularSectionRow">
						<xr:TypeId>bf55ed87-ffe2-48a1-9866-c8aa08c00160</xr:TypeId>
						<xr:ValueId>bd347b77-97ef-4b2c-89b1-a7801842b0d8</xr:ValueId>
					</xr:GeneratedType>
				</InternalInfo>
				<Properties>
					<Name>Разделы</Name>
					<Synonym>
						<v8:item>
							<v8:lang>ru</v8:lang>
							<v8:content>Разделы</v8:content>
						</v8:item>
					</Synonym>
					<Comment/>
					<ToolTip/>
					<FillChecking>DontCheck</FillChecking>
					<StandardAttributes>
						<xr:StandardAttribute name="LineNumber">
							<xr:LinkByType/>
							<xr:FillChecking>DontCheck</xr:FillChecking>
							<xr:MultiLine>false</xr:MultiLine>
							<xr:FillFromFillingValue>false</xr:FillFromFillingValue>
							<xr:CreateOnInput>Auto</xr:CreateOnInput>
							<xr:MaxValue xsi:nil="true"/>
							<xr:ToolTip/>
							<xr:ExtendedEdit>false</xr:ExtendedEdit>
							<xr:Format/>
							<xr:ChoiceForm/>
							<xr:QuickChoice>Auto</xr:QuickChoice>
							<xr:ChoiceHistoryOnInput>Auto</xr:ChoiceHistoryOnInput>
							<xr:EditFormat/>
							<xr:PasswordMode>false</xr:PasswordMode>
							<xr:DataHistory>Use</xr:DataHistory>
							<xr:MarkNegatives>false</xr:MarkNegatives>
							<xr:MinValue xsi:nil="true"/>
							<xr:Synonym/>
							<xr:Comment/>
							<xr:FullTextSearch>Use</xr:FullTextSearch>
							<xr:ChoiceParameterLinks/>
							<xr:FillValue xsi:nil="true"/>
							<xr:Mask/>
							<xr:ChoiceParameters/>
						</xr:StandardAttribute>
					</StandardAttributes>
					<Use>ForItem</Use>
				</Properties>
				<ChildObjects>
					<Attribute uuid="da51de81-4d4f-46b5-a308-7b50db6c45a7">
						<Properties>
							<Name>Раздел</Name>
							<Synonym>
								<v8:item>
									<v8:lang>ru</v8:lang>
									<v8:content>Раздел</v8:content>
								</v8:item>
							</Synonym>
							<Comment/>
							<Type>
								<v8:Type>cfg:CatalogRef.ИдентификаторыОбъектовМетаданных</v8:Type>
							</Type>
							<PasswordMode>false</PasswordMode>
							<Format/>
							<EditFormat/>
							<ToolTip>
								<v8:item>
									<v8:lang>ru</v8:lang>
									<v8:content>Раздел командного интерфейса, в котором должен выводиться этот дополнительный отчет или обработка.</v8:content>
								</v8:item>
							</ToolTip>
							<MarkNegatives>false</MarkNegatives>
							<Mask/>
							<MultiLine>false</MultiLine>
							<ExtendedEdit>false</ExtendedEdit>
							<MinValue xsi:nil="true"/>
							<MaxValue xsi:nil="true"/>
							<FillChecking>DontCheck</FillChecking>
							<ChoiceFoldersAndItems>Items</ChoiceFoldersAndItems>
							<ChoiceParameterLinks/>
							<ChoiceParameters/>
							<QuickChoice>Auto</QuickChoice>
							<CreateOnInput>Auto</CreateOnInput>
							<ChoiceForm/>
							<LinkByType/>
							<ChoiceHistoryOnInput>Auto</ChoiceHistoryOnInput>
							<Indexing>Index</Indexing>
							<FullTextSearch>Use</FullTextSearch>
							<DataHistory>Use</DataHistory>
						</Properties>
					</Attribute>
				</ChildObjects>
			</TabularSection>
			<TabularSection uuid="c2a8c2d3-ff13-4a13-acd4-797118c4e767">
				<InternalInfo>
					<xr:GeneratedType name="CatalogTabularSection.ДополнительныеОтчетыИОбработки.Разрешения" category="TabularSection">
						<xr:TypeId>b0eb0471-0b64-46fd-affe-e009552ca615</xr:TypeId>
						<xr:ValueId>3e8bc2e1-e2e6-49f0-8a55-9d5d662afea8</xr:ValueId>
					</xr:GeneratedType>
					<xr:GeneratedType name="CatalogTabularSectionRow.ДополнительныеОтчетыИОбработки.Разрешения" category="TabularSectionRow">
						<xr:TypeId>2a891a20-2207-486b-b9b5-457021a0ebbf</xr:TypeId>
						<xr:ValueId>ebde9d51-370a-4c24-afd9-8352e61232bf</xr:ValueId>
					</xr:GeneratedType>
				</InternalInfo>
				<Properties>
					<Name>Разрешения</Name>
					<Synonym>
						<v8:item>
							<v8:lang>ru</v8:lang>
							<v8:content>Разрешения</v8:content>
						</v8:item>
					</Synonym>
					<Comment/>
					<ToolTip/>
					<FillChecking>DontCheck</FillChecking>
					<StandardAttributes>
						<xr:StandardAttribute name="LineNumber">
							<xr:LinkByType/>
							<xr:FillChecking>DontCheck</xr:FillChecking>
							<xr:MultiLine>false</xr:MultiLine>
							<xr:FillFromFillingValue>false</xr:FillFromFillingValue>
							<xr:CreateOnInput>Auto</xr:CreateOnInput>
							<xr:MaxValue xsi:nil="true"/>
							<xr:ToolTip/>
							<xr:ExtendedEdit>false</xr:ExtendedEdit>
							<xr:Format/>
							<xr:ChoiceForm/>
							<xr:QuickChoice>Auto</xr:QuickChoice>
							<xr:ChoiceHistoryOnInput>Auto</xr:ChoiceHistoryOnInput>
							<xr:EditFormat/>
							<xr:PasswordMode>false</xr:PasswordMode>
							<xr:DataHistory>Use</xr:DataHistory>
							<xr:MarkNegatives>false</xr:MarkNegatives>
							<xr:MinValue xsi:nil="true"/>
							<xr:Synonym/>
							<xr:Comment/>
							<xr:FullTextSearch>Use</xr:FullTextSearch>
							<xr:ChoiceParameterLinks/>
							<xr:FillValue xsi:nil="true"/>
							<xr:Mask/>
							<xr:ChoiceParameters/>
						</xr:StandardAttribute>
					</StandardAttributes>
					<Use>ForItem</Use>
				</Properties>
				<ChildObjects>
					<Attribute uuid="bc6adf75-8666-49f3-9703-b0014dfee123">
						<Properties>
							<Name>ВидРазрешения</Name>
							<Synonym>
								<v8:item>
									<v8:lang>ru</v8:lang>
									<v8:content>Вид разрешения</v8:content>
								</v8:item>
							</Synonym>
							<Comment/>
							<Type>
								<v8:Type>xs:string</v8:Type>
								<v8:StringQualifiers>
									<v8:Length>255</v8:Length>
									<v8:AllowedLength>Variable</v8:AllowedLength>
								</v8:StringQualifiers>
							</Type>
							<PasswordMode>false</PasswordMode>
							<Format/>
							<EditFormat/>
							<ToolTip>
								<v8:item>
									<v8:lang>ru</v8:lang>
									<v8:content>Строковое представление XDTO-типа, описывающего разрешение (служебное поле).</v8:content>
								</v8:item>
							</ToolTip>
							<MarkNegatives>false</MarkNegatives>
							<Mask/>
							<MultiLine>false</MultiLine>
							<ExtendedEdit>false</ExtendedEdit>
							<MinValue xsi:nil="true"/>
							<MaxValue xsi:nil="true"/>
							<FillChecking>DontCheck</FillChecking>
							<ChoiceFoldersAndItems>Items</ChoiceFoldersAndItems>
							<ChoiceParameterLinks/>
							<ChoiceParameters/>
							<QuickChoice>Auto</QuickChoice>
							<CreateOnInput>Auto</CreateOnInput>
							<ChoiceForm/>
							<LinkByType/>
							<ChoiceHistoryOnInput>Auto</ChoiceHistoryOnInput>
							<Indexing>DontIndex</Indexing>
							<FullTextSearch>Use</FullTextSearch>
							<DataHistory>Use</DataHistory>
						</Properties>
					</Attribute>
					<Attribute uuid="30632f54-b779-4857-a5cc-c53fe8887ee5">
						<Properties>
							<Name>Параметры</Name>
							<Synonym>
								<v8:item>
									<v8:lang>ru</v8:lang>
									<v8:content>Параметры</v8:content>
								</v8:item>
							</Synonym>
							<Comment/>
							<Type>
								<v8:Type>v8:ValueStorage</v8:Type>
							</Type>
							<PasswordMode>false</PasswordMode>
							<Format/>
							<EditFormat/>
							<ToolTip>
								<v8:item>
									<v8:lang>ru</v8:lang>
									<v8:content>Описание разрешения, требуемого для дополнительного отчета или обработки (служебное поле).</v8:content>
								</v8:item>
							</ToolTip>
							<MarkNegatives>false</MarkNegatives>
							<Mask/>
							<MultiLine>false</MultiLine>
							<ExtendedEdit>false</ExtendedEdit>
							<MinValue xsi:nil="true"/>
							<MaxValue xsi:nil="true"/>
							<FillChecking>DontCheck</FillChecking>
							<ChoiceFoldersAndItems>Items</ChoiceFoldersAndItems>
							<ChoiceParameterLinks/>
							<ChoiceParameters/>
							<QuickChoice>Auto</QuickChoice>
							<CreateOnInput>Auto</CreateOnInput>
							<ChoiceForm/>
							<LinkByType/>
							<ChoiceHistoryOnInput>Auto</ChoiceHistoryOnInput>
							<Indexing>DontIndex</Indexing>
							<FullTextSearch>Use</FullTextSearch>
							<DataHistory>Use</DataHistory>
						</Properties>
					</Attribute>
				</ChildObjects>
			</TabularSection>
			<Form>ФормаСписка</Form>
			<Form>ФормаЭлемента</Form>
			<Form>РазмещениеВРазделах</Form>
			<Form>БыстрыйДоступКДополнительнымОтчетамИОбработкам</Form>
			<Form>ПроверкаДополнительныхОтчетовИОбработок</Form>
		</ChildObjects>
	</Catalog>
</MetaDataObject>