﻿<?xml version="1.0" encoding="UTF-8"?>
<Form xmlns="http://v8.1c.ru/8.3/xcf/logform" xmlns:app="http://v8.1c.ru/8.2/managed-application/core" xmlns:cfg="http://v8.1c.ru/8.1/data/enterprise/current-config" xmlns:dcscor="http://v8.1c.ru/8.1/data-composition-system/core" xmlns:dcsset="http://v8.1c.ru/8.1/data-composition-system/settings" xmlns:ent="http://v8.1c.ru/8.1/data/enterprise" xmlns:lf="http://v8.1c.ru/8.2/managed-application/logform" xmlns:style="http://v8.1c.ru/8.1/data/ui/style" xmlns:sys="http://v8.1c.ru/8.1/data/ui/fonts/system" xmlns:v8="http://v8.1c.ru/8.1/data/core" xmlns:v8ui="http://v8.1c.ru/8.1/data/ui" xmlns:web="http://v8.1c.ru/8.1/data/ui/colors/web" xmlns:win="http://v8.1c.ru/8.1/data/ui/colors/windows" xmlns:xr="http://v8.1c.ru/8.3/xcf/readable" xmlns:xs="http://www.w3.org/2001/XMLSchema" xmlns:xsi="http://www.w3.org/2001/XMLSchema-instance" version="2.11">
	<Title>
		<v8:item>
			<v8:lang>ru</v8:lang>
			<v8:content>Размещение файлов</v8:content>
		</v8:item>
	</Title>
	<WindowOpeningMode>LockOwnerWindow</WindowOpeningMode>
	<AutoTitle>false</AutoTitle>
	<Customizable>false</Customizable>
	<CommandBarLocation>Bottom</CommandBarLocation>
	<AutoCommandBar name="ФормаКоманднаяПанель" id="-1">
		<HorizontalAlign>Right</HorizontalAlign>
		<ChildItems>
			<Button name="Разместить" id="6">
				<Type>CommandBarButton</Type>
				<DefaultButton>true</DefaultButton>
				<SkipOnInput>false</SkipOnInput>
				<CommandName>Form.Command.Разместить</CommandName>
				<ExtendedTooltip name="РазместитьExtendedTooltip" id="7"/>
			</Button>
		</ChildItems>
	</AutoCommandBar>
	<Events>
		<Event name="OnCreateAtServer">ПриСозданииНаСервере</Event>
	</Events>
	<ChildItems>
		<UsualGroup name="ГруппаПутьФайловойБазы" id="1">
			<Title>
				<v8:item>
					<v8:lang>ru</v8:lang>
					<v8:content>Путь к архиву с файлами начального образа</v8:content>
				</v8:item>
			</Title>
			<Group>Vertical</Group>
			<ExtendedTooltip name="ГруппаПутьФайловойБазыExtendedTooltip" id="8"/>
			<ChildItems>
				<InputField name="ПутьКАрхивуWindows" id="2">
					<DataPath>ПутьКАрхивуWindows</DataPath>
					<Title>
						<v8:item>
							<v8:lang>ru</v8:lang>
							<v8:content>Для сервера 1С:Предприятия под управлением Microsoft Windows, (вида "\\servername\resource\files.zip")</v8:content>
						</v8:item>
					</Title>
					<TitleLocation>Top</TitleLocation>
					<AutoMaxWidth>false</AutoMaxWidth>
					<MaxWidth>65</MaxWidth>
					<ChoiceButton>true</ChoiceButton>
					<ContextMenu name="ПутьКАрхивуWindowsКонтекстноеМеню" id="3"/>
					<ExtendedTooltip name="ПутьКАрхивуWindowsExtendedTooltip" id="9"/>
					<Events>
						<Event name="StartChoice">ПутьКАрхивуWindowsНачалоВыбора</Event>
					</Events>
				</InputField>
				<InputField name="ПутьКАрхивуLinux" id="4">
					<DataPath>ПутьКАрхивуLinux</DataPath>
					<Title>
						<v8:item>
							<v8:lang>ru</v8:lang>
							<v8:content>Для сервера 1С:Предприятия под управлением Linux</v8:content>
						</v8:item>
					</Title>
					<TitleLocation>Top</TitleLocation>
					<AutoMaxWidth>false</AutoMaxWidth>
					<MaxWidth>65</MaxWidth>
					<ContextMenu name="ПутьКАрхивуLinuxКонтекстноеМеню" id="5"/>
					<ExtendedTooltip name="ПутьКАрхивуLinuxExtendedTooltip" id="10"/>
				</InputField>
			</ChildItems>
		</UsualGroup>
	</ChildItems>
	<Attributes>
		<Attribute name="ПутьКАрхивуWindows" id="1">
			<Title>
				<v8:item>
					<v8:lang>ru</v8:lang>
					<v8:content>Путь к архиву windows</v8:content>
				</v8:item>
			</Title>
			<Type>
				<v8:Type>xs:string</v8:Type>
				<v8:StringQualifiers>
					<v8:Length>0</v8:Length>
					<v8:AllowedLength>Variable</v8:AllowedLength>
				</v8:StringQualifiers>
			</Type>
		</Attribute>
		<Attribute name="ПутьКАрхивуLinux" id="2">
			<Title>
				<v8:item>
					<v8:lang>ru</v8:lang>
					<v8:content>Путь к архиву linux</v8:content>
				</v8:item>
			</Title>
			<Type>
				<v8:Type>xs:string</v8:Type>
				<v8:StringQualifiers>
					<v8:Length>0</v8:Length>
					<v8:AllowedLength>Variable</v8:AllowedLength>
				</v8:StringQualifiers>
			</Type>
		</Attribute>
	</Attributes>
	<Commands>
		<Command name="Разместить" id="1">
			<Title>
				<v8:item>
					<v8:lang>ru</v8:lang>
					<v8:content>Разместить</v8:content>
				</v8:item>
			</Title>
			<ToolTip>
				<v8:item>
					<v8:lang>ru</v8:lang>
					<v8:content>Разместить</v8:content>
				</v8:item>
			</ToolTip>
			<Action>Разместить</Action>
			<CurrentRowUse>DontUse</CurrentRowUse>
		</Command>
	</Commands>
</Form>