﻿<?xml version="1.0" encoding="UTF-8"?>
<Form xmlns="http://v8.1c.ru/8.3/xcf/logform" xmlns:app="http://v8.1c.ru/8.2/managed-application/core" xmlns:cfg="http://v8.1c.ru/8.1/data/enterprise/current-config" xmlns:dcscor="http://v8.1c.ru/8.1/data-composition-system/core" xmlns:dcsset="http://v8.1c.ru/8.1/data-composition-system/settings" xmlns:ent="http://v8.1c.ru/8.1/data/enterprise" xmlns:lf="http://v8.1c.ru/8.2/managed-application/logform" xmlns:style="http://v8.1c.ru/8.1/data/ui/style" xmlns:sys="http://v8.1c.ru/8.1/data/ui/fonts/system" xmlns:v8="http://v8.1c.ru/8.1/data/core" xmlns:v8ui="http://v8.1c.ru/8.1/data/ui" xmlns:web="http://v8.1c.ru/8.1/data/ui/colors/web" xmlns:win="http://v8.1c.ru/8.1/data/ui/colors/windows" xmlns:xr="http://v8.1c.ru/8.3/xcf/readable" xmlns:xs="http://www.w3.org/2001/XMLSchema" xmlns:xsi="http://www.w3.org/2001/XMLSchema-instance" version="2.11">
	<Title>
		<v8:item>
			<v8:lang>ru</v8:lang>
			<v8:content>Выбор узла плана обмена</v8:content>
		</v8:item>
	</Title>
	<WindowOpeningMode>LockOwnerWindow</WindowOpeningMode>
	<AutoTitle>false</AutoTitle>
	<Group>HorizontalIfPossible</Group>
	<CommandSet>
		<ExcludedCommand>Abort</ExcludedCommand>
		<ExcludedCommand>Cancel</ExcludedCommand>
		<ExcludedCommand>Close</ExcludedCommand>
		<ExcludedCommand>Ignore</ExcludedCommand>
		<ExcludedCommand>No</ExcludedCommand>
		<ExcludedCommand>OK</ExcludedCommand>
		<ExcludedCommand>RestoreValues</ExcludedCommand>
		<ExcludedCommand>Retry</ExcludedCommand>
		<ExcludedCommand>SaveValues</ExcludedCommand>
		<ExcludedCommand>Yes</ExcludedCommand>
	</CommandSet>
	<AutoCommandBar name="ФормаКоманднаяПанель" id="-1">
		<ChildItems>
			<Button name="ФормаВыбрать" id="6">
				<Type>CommandBarButton</Type>
				<DefaultButton>true</DefaultButton>
				<CommandName>Form.Command.Выбрать</CommandName>
				<ExtendedTooltip name="ФормаВыбратьExtendedTooltip" id="28"/>
			</Button>
			<ButtonGroup name="КомандыСпискаУзлов" id="27">
				<Title>
					<v8:item>
						<v8:lang>ru</v8:lang>
						<v8:content>Команды списка узлов</v8:content>
					</v8:item>
				</Title>
				<CommandSource>Item.УзлыПлановОбмена</CommandSource>
				<ExtendedTooltip name="КомандыСпискаУзловExtendedTooltip" id="29"/>
			</ButtonGroup>
		</ChildItems>
	</AutoCommandBar>
	<Events>
		<Event name="OnCreateAtServer">ПриСозданииНаСервере</Event>
	</Events>
	<ChildItems>
		<Table name="УзлыПлановОбмена" id="14">
			<Representation>List</Representation>
			<CommandBarLocation>None</CommandBarLocation>
			<ReadOnly>true</ReadOnly>
			<SelectionMode>SingleRow</SelectionMode>
			<AutoInsertNewRow>true</AutoInsertNewRow>
			<EnableStartDrag>true</EnableStartDrag>
			<EnableDrag>true</EnableDrag>
			<FileDragMode>AsFile</FileDragMode>
			<DataPath>УзлыПлановОбмена</DataPath>
			<Title>
				<v8:item>
					<v8:lang>ru</v8:lang>
					<v8:content>Узлы планов обмена</v8:content>
				</v8:item>
			</Title>
			<CommandSet>
				<ExcludedCommand>Add</ExcludedCommand>
				<ExcludedCommand>Change</ExcludedCommand>
				<ExcludedCommand>Copy</ExcludedCommand>
				<ExcludedCommand>Delete</ExcludedCommand>
				<ExcludedCommand>EndEdit</ExcludedCommand>
				<ExcludedCommand>MoveDown</ExcludedCommand>
				<ExcludedCommand>MoveUp</ExcludedCommand>
				<ExcludedCommand>SortListAsc</ExcludedCommand>
				<ExcludedCommand>SortListDesc</ExcludedCommand>
			</CommandSet>
			<RowFilter xsi:nil="true"/>
			<ContextMenu name="УзлыПлановОбменаКонтекстноеМеню" id="15"/>
			<AutoCommandBar name="УзлыПлановОбменаКоманднаяПанель" id="16"/>
			<ExtendedTooltip name="УзлыПлановОбменаExtendedTooltip" id="30"/>
			<SearchStringAddition name="УзлыПлановОбменаSearchString" id="33">
				<AdditionSource>
					<Item>УзлыПлановОбмена</Item>
					<Type>SearchStringRepresentation</Type>
				</AdditionSource>
				<ContextMenu name="УзлыПлановОбменаSearchStringContextMenu" id="34"/>
				<ExtendedTooltip name="УзлыПлановОбменаSearchStringExtendedTooltip" id="35"/>
			</SearchStringAddition>
			<ViewStatusAddition name="УзлыПлановОбменаViewStatus" id="36">
				<AdditionSource>
					<Item>УзлыПлановОбмена</Item>
					<Type>ViewStatusRepresentation</Type>
				</AdditionSource>
				<ContextMenu name="УзлыПлановОбменаViewStatusContextMenu" id="37"/>
				<ExtendedTooltip name="УзлыПлановОбменаViewStatusExtendedTooltip" id="38"/>
			</ViewStatusAddition>
			<SearchControlAddition name="УзлыПлановОбменаSearchControl" id="39">
				<AdditionSource>
					<Item>УзлыПлановОбмена</Item>
					<Type>SearchControl</Type>
				</AdditionSource>
				<ContextMenu name="УзлыПлановОбменаSearchControlContextMenu" id="40"/>
				<ExtendedTooltip name="УзлыПлановОбменаSearchControlExtendedTooltip" id="41"/>
			</SearchControlAddition>
			<Events>
				<Event name="Selection">УзлыПлановОбменаВыбор</Event>
			</Events>
			<ChildItems>
				<InputField name="УзлыПлановОбменаПланОбменаПредставление" id="23">
					<DataPath>УзлыПлановОбмена.ПланОбменаПредставление</DataPath>
					<EditMode>EnterOnInput</EditMode>
					<ContextMenu name="УзлыПлановОбменаПланОбменаПредставлениеКонтекстноеМеню" id="24"/>
					<ExtendedTooltip name="УзлыПлановОбменаПланОбменаПредставлениеExtendedTooltip" id="31"/>
				</InputField>
				<InputField name="УзлыПлановОбменаУзелПредставление" id="25">
					<DataPath>УзлыПлановОбмена.УзелПредставление</DataPath>
					<EditMode>EnterOnInput</EditMode>
					<ContextMenu name="УзлыПлановОбменаУзелПредставлениеКонтекстноеМеню" id="26"/>
					<ExtendedTooltip name="УзлыПлановОбменаУзелПредставлениеExtendedTooltip" id="32"/>
				</InputField>
			</ChildItems>
		</Table>
	</ChildItems>
	<Attributes>
		<Attribute name="УзлыПлановОбмена" id="2">
			<Title>
				<v8:item>
					<v8:lang>ru</v8:lang>
					<v8:content>Узлы планов обмена</v8:content>
				</v8:item>
			</Title>
			<Type>
				<v8:Type>v8:ValueTable</v8:Type>
			</Type>
			<Columns>
				<Column name="ПланОбмена" id="1">
					<Type>
						<v8:TypeSet>cfg:ExchangePlanRef</v8:TypeSet>
					</Type>
				</Column>
				<Column name="ПланОбменаПредставление" id="3">
					<Title>
						<v8:item>
							<v8:lang>ru</v8:lang>
							<v8:content>Программа</v8:content>
						</v8:item>
					</Title>
					<Type>
						<v8:Type>xs:string</v8:Type>
						<v8:StringQualifiers>
							<v8:Length>0</v8:Length>
							<v8:AllowedLength>Variable</v8:AllowedLength>
						</v8:StringQualifiers>
					</Type>
				</Column>
				<Column name="Узел" id="5">
					<Type>
						<v8:TypeSet>cfg:ExchangePlanRef</v8:TypeSet>
					</Type>
				</Column>
				<Column name="УзелПредставление" id="6">
					<Title>
						<v8:item>
							<v8:lang>ru</v8:lang>
							<v8:content>Информационная база</v8:content>
						</v8:item>
					</Title>
					<Type>
						<v8:Type>xs:string</v8:Type>
						<v8:StringQualifiers>
							<v8:Length>0</v8:Length>
							<v8:AllowedLength>Variable</v8:AllowedLength>
						</v8:StringQualifiers>
					</Type>
				</Column>
			</Columns>
		</Attribute>
		<Attribute name="РежимПодбора" id="4">
			<Type>
				<v8:Type>xs:boolean</v8:Type>
			</Type>
		</Attribute>
		<Attribute name="МножественныйВыбор" id="1">
			<Type>
				<v8:Type>xs:boolean</v8:Type>
			</Type>
		</Attribute>
	</Attributes>
	<Commands>
		<Command name="Выбрать" id="1">
			<Title>
				<v8:item>
					<v8:lang>ru</v8:lang>
					<v8:content>Выбрать</v8:content>
				</v8:item>
			</Title>
			<ToolTip>
				<v8:item>
					<v8:lang>ru</v8:lang>
					<v8:content>Выбрать</v8:content>
				</v8:item>
			</ToolTip>
			<Picture>
				<xr:Ref>StdPicture.ChooseValue</xr:Ref>
				<xr:LoadTransparent>true</xr:LoadTransparent>
			</Picture>
			<Action>Выбрать</Action>
			<Representation>TextPicture</Representation>
			<CurrentRowUse>DontUse</CurrentRowUse>
		</Command>
	</Commands>
	<Parameters>
		<Parameter name="ВыбиратьВсеУзлы">
			<Type>
				<v8:Type>xs:boolean</v8:Type>
			</Type>
		</Parameter>
		<Parameter name="ПланыОбменаДляВыбора">
			<Type/>
		</Parameter>
	</Parameters>
</Form>