﻿<?xml version="1.0" encoding="UTF-8"?>
<Form xmlns="http://v8.1c.ru/8.3/xcf/logform" xmlns:app="http://v8.1c.ru/8.2/managed-application/core" xmlns:cfg="http://v8.1c.ru/8.1/data/enterprise/current-config" xmlns:dcscor="http://v8.1c.ru/8.1/data-composition-system/core" xmlns:dcsset="http://v8.1c.ru/8.1/data-composition-system/settings" xmlns:ent="http://v8.1c.ru/8.1/data/enterprise" xmlns:lf="http://v8.1c.ru/8.2/managed-application/logform" xmlns:style="http://v8.1c.ru/8.1/data/ui/style" xmlns:sys="http://v8.1c.ru/8.1/data/ui/fonts/system" xmlns:v8="http://v8.1c.ru/8.1/data/core" xmlns:v8ui="http://v8.1c.ru/8.1/data/ui" xmlns:web="http://v8.1c.ru/8.1/data/ui/colors/web" xmlns:win="http://v8.1c.ru/8.1/data/ui/colors/windows" xmlns:xr="http://v8.1c.ru/8.3/xcf/readable" xmlns:xs="http://www.w3.org/2001/XMLSchema" xmlns:xsi="http://www.w3.org/2001/XMLSchema-instance" version="2.11">
	<WindowOpeningMode>LockOwnerWindow</WindowOpeningMode>
	<AutoTitle>false</AutoTitle>
	<AutoCommandBar name="ФормаКоманднаяПанель" id="-1">
		<ChildItems>
			<Button name="ФормаВыбрать" id="21">
				<Type>CommandBarButton</Type>
				<DefaultButton>true</DefaultButton>
				<CommandName>Form.Command.Выбрать</CommandName>
				<ExtendedTooltip name="ФормаВыбратьРасширеннаяПодсказка" id="22"/>
			</Button>
			<Button name="НазначениеУстановитьФлажки" id="68">
				<Type>CommandBarButton</Type>
				<CommandName>Form.Item.Назначение.StandardCommand.CheckAll</CommandName>
				<LocationInCommandBar>InCommandBarAndInAdditionalSubmenu</LocationInCommandBar>
				<ExtendedTooltip name="НазначениеУстановитьФлажкиРасширеннаяПодсказка" id="69"/>
			</Button>
			<Button name="НазначениеСнятьФлажки" id="70">
				<Type>CommandBarButton</Type>
				<CommandName>Form.Item.Назначение.StandardCommand.UncheckAll</CommandName>
				<LocationInCommandBar>InCommandBarAndInAdditionalSubmenu</LocationInCommandBar>
				<ExtendedTooltip name="НазначениеСнятьФлажкиРасширеннаяПодсказка" id="71"/>
			</Button>
		</ChildItems>
	</AutoCommandBar>
	<Events>
		<Event name="OnCreateAtServer">ПриСозданииНаСервере</Event>
	</Events>
	<ChildItems>
		<Table name="Назначение" id="47">
			<Representation>List</Representation>
			<Header>false</Header>
			<HorizontalLines>false</HorizontalLines>
			<VerticalLines>false</VerticalLines>
			<AutoInsertNewRow>true</AutoInsertNewRow>
			<FileDragMode>AsFile</FileDragMode>
			<DataPath>Назначение</DataPath>
			<RowPictureDataPath>Назначение.Picture</RowPictureDataPath>
			<Title>
				<v8:item>
					<v8:lang>ru</v8:lang>
					<v8:content>Назначение</v8:content>
				</v8:item>
			</Title>
			<ContextMenu name="НазначениеКонтекстноеМеню" id="48"/>
			<AutoCommandBar name="НазначениеКоманднаяПанель" id="49">
				<Autofill>false</Autofill>
			</AutoCommandBar>
			<ExtendedTooltip name="НазначениеРасширеннаяПодсказка" id="50"/>
			<SearchStringAddition name="НазначениеСтрокаПоиска" id="51">
				<AdditionSource>
					<Item>Назначение</Item>
					<Type>SearchStringRepresentation</Type>
				</AdditionSource>
				<ContextMenu name="НазначениеСтрокаПоискаКонтекстноеМеню" id="52"/>
				<ExtendedTooltip name="НазначениеСтрокаПоискаРасширеннаяПодсказка" id="53"/>
			</SearchStringAddition>
			<ViewStatusAddition name="НазначениеСостояниеПросмотра" id="54">
				<AdditionSource>
					<Item>Назначение</Item>
					<Type>ViewStatusRepresentation</Type>
				</AdditionSource>
				<ContextMenu name="НазначениеСостояниеПросмотраКонтекстноеМеню" id="55"/>
				<ExtendedTooltip name="НазначениеСостояниеПросмотраРасширеннаяПодсказка" id="56"/>
			</ViewStatusAddition>
			<SearchControlAddition name="НазначениеУправлениеПоиском" id="57">
				<AdditionSource>
					<Item>Назначение</Item>
					<Type>SearchControl</Type>
				</AdditionSource>
				<ContextMenu name="НазначениеУправлениеПоискомКонтекстноеМеню" id="58"/>
				<ExtendedTooltip name="НазначениеУправлениеПоискомРасширеннаяПодсказка" id="59"/>
			</SearchControlAddition>
			<ChildItems>
				<ColumnGroup name="НазначениеГруппа" id="66">
					<Title>
						<v8:item>
							<v8:lang>ru</v8:lang>
							<v8:content>Назначение группа</v8:content>
						</v8:item>
					</Title>
					<Group>InCell</Group>
					<ExtendedTooltip name="НазначениеГруппаРасширеннаяПодсказка" id="67"/>
					<ChildItems>
						<CheckBoxField name="НазначениеПометка" id="63">
							<DataPath>Назначение.Check</DataPath>
							<EditMode>EnterOnInput</EditMode>
							<CheckBoxType>Auto</CheckBoxType>
							<ContextMenu name="НазначениеПометкаКонтекстноеМеню" id="64"/>
							<ExtendedTooltip name="НазначениеПометкаРасширеннаяПодсказка" id="65"/>
						</CheckBoxField>
						<InputField name="НазначениеЗначение" id="60">
							<DataPath>Назначение.Value</DataPath>
							<ReadOnly>true</ReadOnly>
							<EditMode>EnterOnInput</EditMode>
							<ContextMenu name="НазначениеЗначениеКонтекстноеМеню" id="61"/>
							<ExtendedTooltip name="НазначениеЗначениеРасширеннаяПодсказка" id="62"/>
						</InputField>
					</ChildItems>
				</ColumnGroup>
			</ChildItems>
		</Table>
	</ChildItems>
	<Attributes>
		<Attribute name="Назначение" id="2">
			<Title>
				<v8:item>
					<v8:lang>ru</v8:lang>
					<v8:content>Назначение</v8:content>
				</v8:item>
			</Title>
			<Type>
				<v8:Type>v8:ValueListType</v8:Type>
			</Type>
			<Settings xsi:type="v8:TypeDescription"/>
		</Attribute>
	</Attributes>
	<Commands>
		<Command name="Выбрать" id="1">
			<Title>
				<v8:item>
					<v8:lang>ru</v8:lang>
					<v8:content>Выбрать</v8:content>
				</v8:item>
			</Title>
			<ToolTip>
				<v8:item>
					<v8:lang>ru</v8:lang>
					<v8:content>Выбрать</v8:content>
				</v8:item>
			</ToolTip>
			<Action>Выбрать</Action>
			<CurrentRowUse>DontUse</CurrentRowUse>
		</Command>
	</Commands>
	<Parameters>
		<Parameter name="Заголовок">
			<Type>
				<v8:Type>xs:string</v8:Type>
				<v8:StringQualifiers>
					<v8:Length>0</v8:Length>
					<v8:AllowedLength>Variable</v8:AllowedLength>
				</v8:StringQualifiers>
			</Type>
		</Parameter>
		<Parameter name="Назначение">
			<Type/>
		</Parameter>
		<Parameter name="ВыбиратьПользователей">
			<Type>
				<v8:Type>xs:boolean</v8:Type>
			</Type>
		</Parameter>
		<Parameter name="ЭтоОтбор">
			<Type>
				<v8:Type>xs:boolean</v8:Type>
			</Type>
		</Parameter>
	</Parameters>
</Form>