﻿<?xml version="1.0" encoding="UTF-8"?>
<Form xmlns="http://v8.1c.ru/8.3/xcf/logform" xmlns:app="http://v8.1c.ru/8.2/managed-application/core" xmlns:cfg="http://v8.1c.ru/8.1/data/enterprise/current-config" xmlns:dcscor="http://v8.1c.ru/8.1/data-composition-system/core" xmlns:dcsset="http://v8.1c.ru/8.1/data-composition-system/settings" xmlns:ent="http://v8.1c.ru/8.1/data/enterprise" xmlns:lf="http://v8.1c.ru/8.2/managed-application/logform" xmlns:style="http://v8.1c.ru/8.1/data/ui/style" xmlns:sys="http://v8.1c.ru/8.1/data/ui/fonts/system" xmlns:v8="http://v8.1c.ru/8.1/data/core" xmlns:v8ui="http://v8.1c.ru/8.1/data/ui" xmlns:web="http://v8.1c.ru/8.1/data/ui/colors/web" xmlns:win="http://v8.1c.ru/8.1/data/ui/colors/windows" xmlns:xr="http://v8.1c.ru/8.3/xcf/readable" xmlns:xs="http://www.w3.org/2001/XMLSchema" xmlns:xsi="http://www.w3.org/2001/XMLSchema-instance" version="2.11">
	<WindowOpeningMode>LockOwnerWindow</WindowOpeningMode>
	<EnterKeyBehavior>DefaultButton</EnterKeyBehavior>
	<AutoTitle>false</AutoTitle>
	<AutoURL>false</AutoURL>
	<AutoFillCheck>false</AutoFillCheck>
	<Customizable>false</Customizable>
	<CommandBarLocation>Bottom</CommandBarLocation>
	<CommandSet>
		<ExcludedCommand>Abort</ExcludedCommand>
		<ExcludedCommand>Cancel</ExcludedCommand>
		<ExcludedCommand>Help</ExcludedCommand>
		<ExcludedCommand>Ignore</ExcludedCommand>
		<ExcludedCommand>No</ExcludedCommand>
		<ExcludedCommand>OK</ExcludedCommand>
		<ExcludedCommand>RestoreValues</ExcludedCommand>
		<ExcludedCommand>Retry</ExcludedCommand>
		<ExcludedCommand>SaveValues</ExcludedCommand>
		<ExcludedCommand>Yes</ExcludedCommand>
	</CommandSet>
	<AutoCommandBar name="ФормаКоманднаяПанель" id="-1">
		<HorizontalAlign>Right</HorizontalAlign>
		<Autofill>false</Autofill>
	</AutoCommandBar>
	<Events>
		<Event name="OnOpen">ПриОткрытии</Event>
		<Event name="OnCreateAtServer">ПриСозданииНаСервере</Event>
	</Events>
	<ChildItems>
		<UsualGroup name="Колонки" id="15">
			<Title>
				<v8:item>
					<v8:lang>ru</v8:lang>
					<v8:content>Колонки</v8:content>
				</v8:item>
			</Title>
			<Group>AlwaysHorizontal</Group>
			<Representation>None</Representation>
			<ShowTitle>false</ShowTitle>
			<ExtendedTooltip name="КолонкиExtendedTooltip" id="17"/>
			<ChildItems>
				<PictureDecoration name="Предупреждение" id="5" DisplayImportance="VeryHigh">
					<Title formatted="false">
						<v8:item>
							<v8:lang>ru</v8:lang>
							<v8:content>Предупреждение</v8:content>
						</v8:item>
					</Title>
					<Picture>
						<xr:Ref>CommonPicture.Вопрос32</xr:Ref>
						<xr:LoadTransparent>false</xr:LoadTransparent>
					</Picture>
					<FileDragMode>AsFile</FileDragMode>
					<ContextMenu name="ПредупреждениеКонтекстноеМеню" id="6"/>
					<ExtendedTooltip name="ПредупреждениеExtendedTooltip" id="18"/>
				</PictureDecoration>
				<UsualGroup name="Строки" id="16" DisplayImportance="VeryHigh">
					<Title>
						<v8:item>
							<v8:lang>ru</v8:lang>
							<v8:content>Строки</v8:content>
						</v8:item>
					</Title>
					<Width>35</Width>
					<Group>Vertical</Group>
					<Representation>None</Representation>
					<ShowTitle>false</ShowTitle>
					<ExtendedTooltip name="СтрокиExtendedTooltip" id="19"/>
					<ChildItems>
						<InputField name="МногострочныйТекстСообщения" id="10">
							<DataPath>ТекстСообщения</DataPath>
							<ReadOnly>true</ReadOnly>
							<SkipOnInput>true</SkipOnInput>
							<TitleLocation>None</TitleLocation>
							<VerticalStretch>true</VerticalStretch>
							<MultiLine>true</MultiLine>
							<BorderColor>style:FormBackColor</BorderColor>
							<ContextMenu name="МногострочныйТекстСообщенияКонтекстноеМеню" id="11"/>
							<ExtendedTooltip name="МногострочныйТекстСообщенияExtendedTooltip" id="21"/>
						</InputField>
						<CheckBoxField name="БольшеНеЗадаватьЭтотВопрос" id="3">
							<DataPath>БольшеНеЗадаватьЭтотВопрос</DataPath>
							<TitleLocation>Right</TitleLocation>
							<CheckBoxType>Auto</CheckBoxType>
							<ContextMenu name="БольшеНеЗадаватьЭтотВопросКонтекстноеМеню" id="4"/>
							<ExtendedTooltip name="БольшеНеЗадаватьЭтотВопросExtendedTooltip" id="22"/>
						</CheckBoxField>
					</ChildItems>
				</UsualGroup>
			</ChildItems>
		</UsualGroup>
	</ChildItems>
	<Attributes>
		<Attribute name="СоответствиеКнопокИВозвращаемыхЗначений" id="1">
			<Type/>
		</Attribute>
		<Attribute name="БольшеНеЗадаватьЭтотВопрос" id="3">
			<Title>
				<v8:item>
					<v8:lang>ru</v8:lang>
					<v8:content>Больше не задавать этот вопрос</v8:content>
				</v8:item>
			</Title>
			<Type>
				<v8:Type>xs:boolean</v8:Type>
			</Type>
		</Attribute>
		<Attribute name="ОжиданиеСчетчик" id="4">
			<Type>
				<v8:Type>xs:decimal</v8:Type>
				<v8:NumberQualifiers>
					<v8:Digits>5</v8:Digits>
					<v8:FractionDigits>0</v8:FractionDigits>
					<v8:AllowedSign>Nonnegative</v8:AllowedSign>
				</v8:NumberQualifiers>
			</Type>
		</Attribute>
		<Attribute name="ОжиданиеИмяКнопки" id="5">
			<Type>
				<v8:Type>xs:string</v8:Type>
				<v8:StringQualifiers>
					<v8:Length>0</v8:Length>
					<v8:AllowedLength>Variable</v8:AllowedLength>
				</v8:StringQualifiers>
			</Type>
		</Attribute>
		<Attribute name="ОжиданиеЗаголовокКнопки" id="6">
			<Type>
				<v8:Type>xs:string</v8:Type>
				<v8:StringQualifiers>
					<v8:Length>0</v8:Length>
					<v8:AllowedLength>Variable</v8:AllowedLength>
				</v8:StringQualifiers>
			</Type>
		</Attribute>
		<Attribute name="ТекстСообщения" id="2">
			<Type>
				<v8:Type>xs:string</v8:Type>
				<v8:StringQualifiers>
					<v8:Length>0</v8:Length>
					<v8:AllowedLength>Variable</v8:AllowedLength>
				</v8:StringQualifiers>
			</Type>
		</Attribute>
	</Attributes>
	<Parameters>
		<Parameter name="Заголовок">
			<Type>
				<v8:Type>xs:string</v8:Type>
				<v8:StringQualifiers>
					<v8:Length>0</v8:Length>
					<v8:AllowedLength>Variable</v8:AllowedLength>
				</v8:StringQualifiers>
			</Type>
		</Parameter>
		<Parameter name="Кнопки">
			<Type>
				<v8:Type>v8:ValueListType</v8:Type>
				<v8:Type>xs:string</v8:Type>
				<v8:StringQualifiers>
					<v8:Length>0</v8:Length>
					<v8:AllowedLength>Variable</v8:AllowedLength>
				</v8:StringQualifiers>
			</Type>
			<KeyParameter>true</KeyParameter>
		</Parameter>
		<Parameter name="ТекстСообщения">
			<Type>
				<v8:Type>xs:string</v8:Type>
				<v8:StringQualifiers>
					<v8:Length>0</v8:Length>
					<v8:AllowedLength>Variable</v8:AllowedLength>
				</v8:StringQualifiers>
			</Type>
		</Parameter>
		<Parameter name="Таймаут">
			<Type>
				<v8:Type>xs:decimal</v8:Type>
				<v8:NumberQualifiers>
					<v8:Digits>5</v8:Digits>
					<v8:FractionDigits>0</v8:FractionDigits>
					<v8:AllowedSign>Nonnegative</v8:AllowedSign>
				</v8:NumberQualifiers>
			</Type>
		</Parameter>
		<Parameter name="КнопкаПоУмолчанию">
			<Type/>
		</Parameter>
		<Parameter name="КнопкаТаймаута">
			<Type/>
		</Parameter>
		<Parameter name="ПредлагатьБольшеНеЗадаватьЭтотВопрос">
			<Type>
				<v8:Type>xs:boolean</v8:Type>
			</Type>
		</Parameter>
		<Parameter name="ТекстФлажка">
			<Type>
				<v8:Type>xs:string</v8:Type>
				<v8:StringQualifiers>
					<v8:Length>0</v8:Length>
					<v8:AllowedLength>Variable</v8:AllowedLength>
				</v8:StringQualifiers>
			</Type>
		</Parameter>
		<Parameter name="БлокироватьВесьИнтерфейс">
			<Type>
				<v8:Type>xs:boolean</v8:Type>
			</Type>
		</Parameter>
		<Parameter name="Картинка">
			<Type>
				<v8:Type>v8ui:Picture</v8:Type>
			</Type>
		</Parameter>
	</Parameters>
</Form>