﻿<?xml version="1.0" encoding="UTF-8"?>
<PredefinedData xmlns="http://v8.1c.ru/8.3/xcf/predef" xmlns:v8="http://v8.1c.ru/8.1/data/core" xmlns:xr="http://v8.1c.ru/8.3/xcf/readable" xmlns:xs="http://www.w3.org/2001/XMLSchema" xmlns:xsi="http://www.w3.org/2001/XMLSchema-instance" xsi:type="CatalogPredefinedItems" version="2.11">
	<Item id="7a23a7c0-3836-11e9-ef99-e4b97ae0aa74">
		<Name>pde_last_refresh</Name>
		<Code>pde_last_refresh</Code>
		<Description/>
		<IsFolder>false</IsFolder>
	</Item>
	<Item id="b2dbc0ae-1f80-4ec2-8c06-1f331818312f">
		<Name>pde_scrape_duration</Name>
		<Code>pde_scrape_duration</Code>
		<Description/>
		<IsFolder>false</IsFolder>
	</Item>
	<Item id="fef3a33c-d3ec-49e3-a1f7-7031e3b1a98e">
		<Name>info_base_connections</Name>
		<Code>info_base_connections</Code>
		<Description/>
		<IsFolder>false</IsFolder>
	</Item>
</PredefinedData>