﻿<?xml version="1.0" encoding="UTF-8"?>
<Form xmlns="http://v8.1c.ru/8.3/xcf/logform" xmlns:app="http://v8.1c.ru/8.2/managed-application/core" xmlns:cfg="http://v8.1c.ru/8.1/data/enterprise/current-config" xmlns:dcscor="http://v8.1c.ru/8.1/data-composition-system/core" xmlns:dcsset="http://v8.1c.ru/8.1/data-composition-system/settings" xmlns:ent="http://v8.1c.ru/8.1/data/enterprise" xmlns:lf="http://v8.1c.ru/8.2/managed-application/logform" xmlns:style="http://v8.1c.ru/8.1/data/ui/style" xmlns:sys="http://v8.1c.ru/8.1/data/ui/fonts/system" xmlns:v8="http://v8.1c.ru/8.1/data/core" xmlns:v8ui="http://v8.1c.ru/8.1/data/ui" xmlns:web="http://v8.1c.ru/8.1/data/ui/colors/web" xmlns:win="http://v8.1c.ru/8.1/data/ui/colors/windows" xmlns:xr="http://v8.1c.ru/8.3/xcf/readable" xmlns:xs="http://www.w3.org/2001/XMLSchema" xmlns:xsi="http://www.w3.org/2001/XMLSchema-instance" version="2.11">
	<WindowOpeningMode>LockOwnerWindow</WindowOpeningMode>
	<AutoTitle>false</AutoTitle>
	<AutoURL>false</AutoURL>
	<Group>HorizontalIfPossible</Group>
	<AutoFillCheck>false</AutoFillCheck>
	<Customizable>false</Customizable>
	<CommandBarLocation>Bottom</CommandBarLocation>
	<CommandSet>
		<ExcludedCommand>Abort</ExcludedCommand>
		<ExcludedCommand>Cancel</ExcludedCommand>
		<ExcludedCommand>Ignore</ExcludedCommand>
		<ExcludedCommand>No</ExcludedCommand>
		<ExcludedCommand>OK</ExcludedCommand>
		<ExcludedCommand>RestoreValues</ExcludedCommand>
		<ExcludedCommand>Retry</ExcludedCommand>
		<ExcludedCommand>SaveValues</ExcludedCommand>
		<ExcludedCommand>Yes</ExcludedCommand>
	</CommandSet>
	<AutoCommandBar name="ФормаКоманднаяПанель" id="-1">
		<HorizontalAlign>Right</HorizontalAlign>
		<Autofill>false</Autofill>
		<ChildItems>
			<Button name="ФормаЗакрыть" id="16">
				<Type>CommandBarButton</Type>
				<CommandName>Form.StandardCommand.Close</CommandName>
				<Title>
					<v8:item>
						<v8:lang>ru</v8:lang>
						<v8:content>Отмена</v8:content>
					</v8:item>
				</Title>
				<ExtendedTooltip name="ФормаЗакрытьРасширеннаяПодсказка" id="17"/>
			</Button>
		</ChildItems>
	</AutoCommandBar>
	<Events>
		<Event name="OnOpen">ПриОткрытии</Event>
		<Event name="BeforeClose">ПередЗакрытием</Event>
		<Event name="OnCreateAtServer">ПриСозданииНаСервере</Event>
		<Event name="OnClose">ПриЗакрытии</Event>
	</Events>
	<ChildItems>
		<UsualGroup name="КартинкаИНадпись" id="14">
			<Title>
				<v8:item>
					<v8:lang>ru</v8:lang>
					<v8:content>Картинка и надпись</v8:content>
				</v8:item>
			</Title>
			<VerticalAlign>Center</VerticalAlign>
			<Representation>None</Representation>
			<ShowTitle>false</ShowTitle>
			<ExtendedTooltip name="КартинкаИНадписьРасширеннаяПодсказка" id="15"/>
			<ChildItems>
				<PictureDecoration name="ДекорацияДлительнаяОперация" id="3">
					<Title formatted="false">
						<v8:item>
							<v8:lang>ru</v8:lang>
							<v8:content>Длительная операция</v8:content>
						</v8:item>
					</Title>
					<Picture>
						<xr:Ref>CommonPicture.ДлительнаяОперация48</xr:Ref>
						<xr:LoadTransparent>false</xr:LoadTransparent>
					</Picture>
					<FileDragMode>AsFile</FileDragMode>
					<ContextMenu name="ДекорацияДлительнаяОперацияКонтекстноеМеню" id="4"/>
					<ExtendedTooltip name="ДекорацияДлительнаяОперацияExtendedTooltip" id="10"/>
				</PictureDecoration>
				<LabelDecoration name="ДекорацияПоясняющийТекстДлительнойОперации" id="1">
					<Width>30</Width>
					<AutoMaxWidth>false</AutoMaxWidth>
					<HorizontalStretch>true</HorizontalStretch>
					<Title formatted="false">
						<v8:item>
							<v8:lang>ru</v8:lang>
							<v8:content>Пожалуйста, подождите...</v8:content>
						</v8:item>
					</Title>
					<VerticalAlign>Center</VerticalAlign>
					<ContextMenu name="ДекорацияПоясняющийТекстДлительнойОперацииКонтекстноеМеню" id="2"/>
					<ExtendedTooltip name="ДекорацияПоясняющийТекстДлительнойОперацииExtendedTooltip" id="11"/>
				</LabelDecoration>
			</ChildItems>
		</UsualGroup>
	</ChildItems>
	<Attributes>
		<Attribute name="ТекстСообщения" id="7">
			<Type>
				<v8:Type>xs:string</v8:Type>
				<v8:StringQualifiers>
					<v8:Length>0</v8:Length>
					<v8:AllowedLength>Variable</v8:AllowedLength>
				</v8:StringQualifiers>
			</Type>
		</Attribute>
		<Attribute name="Статус" id="1">
			<Type>
				<v8:Type>xs:string</v8:Type>
				<v8:StringQualifiers>
					<v8:Length>0</v8:Length>
					<v8:AllowedLength>Variable</v8:AllowedLength>
				</v8:StringQualifiers>
			</Type>
		</Attribute>
		<Attribute name="ИдентификаторЗадания" id="8">
			<Type>
				<v8:Type>v8:UUID</v8:Type>
			</Type>
		</Attribute>
	</Attributes>
	<Parameters>
		<Parameter name="ОжидатьЗавершение">
			<Type>
				<v8:Type>xs:decimal</v8:Type>
				<v8:NumberQualifiers>
					<v8:Digits>10</v8:Digits>
					<v8:FractionDigits>0</v8:FractionDigits>
					<v8:AllowedSign>Any</v8:AllowedSign>
				</v8:NumberQualifiers>
			</Type>
			<KeyParameter>true</KeyParameter>
		</Parameter>
		<Parameter name="ТекстСообщения">
			<Type>
				<v8:Type>xs:string</v8:Type>
				<v8:StringQualifiers>
					<v8:Length>0</v8:Length>
					<v8:AllowedLength>Variable</v8:AllowedLength>
				</v8:StringQualifiers>
			</Type>
		</Parameter>
		<Parameter name="ВыводитьПрогрессВыполнения">
			<Type>
				<v8:Type>xs:boolean</v8:Type>
			</Type>
			<KeyParameter>true</KeyParameter>
		</Parameter>
		<Parameter name="ОповещениеПользователя">
			<Type/>
			<KeyParameter>true</KeyParameter>
		</Parameter>
		<Parameter name="АдресРезультата">
			<Type>
				<v8:Type>xs:string</v8:Type>
				<v8:StringQualifiers>
					<v8:Length>0</v8:Length>
					<v8:AllowedLength>Variable</v8:AllowedLength>
				</v8:StringQualifiers>
			</Type>
			<KeyParameter>true</KeyParameter>
		</Parameter>
		<Parameter name="АдресДополнительногоРезультата">
			<Type>
				<v8:Type>xs:string</v8:Type>
				<v8:StringQualifiers>
					<v8:Length>0</v8:Length>
					<v8:AllowedLength>Variable</v8:AllowedLength>
				</v8:StringQualifiers>
			</Type>
			<KeyParameter>true</KeyParameter>
		</Parameter>
		<Parameter name="ИдентификаторЗадания">
			<Type>
				<v8:Type>v8:UUID</v8:Type>
			</Type>
			<KeyParameter>true</KeyParameter>
		</Parameter>
		<Parameter name="ВыводитьОкноОжидания">
			<Type>
				<v8:Type>xs:boolean</v8:Type>
			</Type>
			<KeyParameter>true</KeyParameter>
		</Parameter>
		<Parameter name="Интервал">
			<Type>
				<v8:Type>xs:decimal</v8:Type>
				<v8:NumberQualifiers>
					<v8:Digits>10</v8:Digits>
					<v8:FractionDigits>0</v8:FractionDigits>
					<v8:AllowedSign>Any</v8:AllowedSign>
				</v8:NumberQualifiers>
			</Type>
			<KeyParameter>true</KeyParameter>
		</Parameter>
		<Parameter name="ВыводитьСообщения">
			<Type>
				<v8:Type>xs:boolean</v8:Type>
			</Type>
			<KeyParameter>true</KeyParameter>
		</Parameter>
		<Parameter name="ПолучатьРезультат">
			<Type>
				<v8:Type>xs:boolean</v8:Type>
			</Type>
			<KeyParameter>true</KeyParameter>
		</Parameter>
	</Parameters>
</Form>