﻿<?xml version="1.0" encoding="UTF-8"?>
<PredefinedData xmlns="http://v8.1c.ru/8.3/xcf/predef" xmlns:v8="http://v8.1c.ru/8.1/data/core" xmlns:xr="http://v8.1c.ru/8.3/xcf/readable" xmlns:xs="http://www.w3.org/2001/XMLSchema" xmlns:xsi="http://www.w3.org/2001/XMLSchema-instance" xsi:type="CatalogPredefinedItems" version="2.11">
	<Item id="00617410-af4a-4b2c-8ea2-fc973347250b">
		<Name>ОригиналПолучен</Name>
		<Code>000000003</Code>
		<Description>Оригинал получен</Description>
		<IsFolder>false</IsFolder>
	</Item>
	<Item id="e95f711d-07dd-48d1-8544-7222e234908f">
		<Name>ОригиналыНеВсе</Name>
		<Code>000000002</Code>
		<Description>Оригиналы не все</Description>
		<IsFolder>false</IsFolder>
	</Item>
	<Item id="f781e2dc-2673-4b2b-b4e7-9db569b9b80d">
		<Name>ФормаНапечатана</Name>
		<Code>000000001</Code>
		<Description>Форма напечатана</Description>
		<IsFolder>false</IsFolder>
	</Item>
</PredefinedData>