﻿<?xml version="1.0" encoding="UTF-8"?>
<PredefinedData xmlns="http://v8.1c.ru/8.3/xcf/predef" xmlns:v8="http://v8.1c.ru/8.1/data/core" xmlns:xr="http://v8.1c.ru/8.3/xcf/readable" xmlns:xs="http://www.w3.org/2001/XMLSchema" xmlns:xsi="http://www.w3.org/2001/XMLSchema-instance" xsi:type="CatalogPredefinedItems" version="2.11">
	<Item id="dce2cab1-46b8-45b8-844b-d10b62597e14">
		<Name>ВсеВнешниеПользователи</Name>
		<Code/>
		<Description>Все внешние пользователи</Description>
		<IsFolder>false</IsFolder>
	</Item>
</PredefinedData>