﻿<?xml version="1.0" encoding="UTF-8"?>
<Form xmlns="http://v8.1c.ru/8.3/xcf/logform" xmlns:app="http://v8.1c.ru/8.2/managed-application/core" xmlns:cfg="http://v8.1c.ru/8.1/data/enterprise/current-config" xmlns:dcscor="http://v8.1c.ru/8.1/data-composition-system/core" xmlns:dcsset="http://v8.1c.ru/8.1/data-composition-system/settings" xmlns:ent="http://v8.1c.ru/8.1/data/enterprise" xmlns:lf="http://v8.1c.ru/8.2/managed-application/logform" xmlns:style="http://v8.1c.ru/8.1/data/ui/style" xmlns:sys="http://v8.1c.ru/8.1/data/ui/fonts/system" xmlns:v8="http://v8.1c.ru/8.1/data/core" xmlns:v8ui="http://v8.1c.ru/8.1/data/ui" xmlns:web="http://v8.1c.ru/8.1/data/ui/colors/web" xmlns:win="http://v8.1c.ru/8.1/data/ui/colors/windows" xmlns:xr="http://v8.1c.ru/8.3/xcf/readable" xmlns:xs="http://www.w3.org/2001/XMLSchema" xmlns:xsi="http://www.w3.org/2001/XMLSchema-instance" version="2.11">
	<Title>
		<v8:item>
			<v8:lang>ru</v8:lang>
			<v8:content>Установка расширения работы с файлами</v8:content>
		</v8:item>
	</Title>
	<WindowOpeningMode>LockOwnerWindow</WindowOpeningMode>
	<AutoTitle>false</AutoTitle>
	<Customizable>false</Customizable>
	<CommandBarLocation>Bottom</CommandBarLocation>
	<CommandSet>
		<ExcludedCommand>Abort</ExcludedCommand>
		<ExcludedCommand>Cancel</ExcludedCommand>
		<ExcludedCommand>Close</ExcludedCommand>
		<ExcludedCommand>Help</ExcludedCommand>
		<ExcludedCommand>Ignore</ExcludedCommand>
		<ExcludedCommand>No</ExcludedCommand>
		<ExcludedCommand>OK</ExcludedCommand>
		<ExcludedCommand>RestoreValues</ExcludedCommand>
		<ExcludedCommand>Retry</ExcludedCommand>
		<ExcludedCommand>SaveValues</ExcludedCommand>
		<ExcludedCommand>Yes</ExcludedCommand>
	</CommandSet>
	<AutoCommandBar name="ФормаКоманднаяПанель" id="-1">
		<HorizontalAlign>Right</HorizontalAlign>
		<ChildItems>
			<Button name="УстановитьИПродолжить" id="8">
				<Type>CommandBarButton</Type>
				<DefaultButton>true</DefaultButton>
				<SkipOnInput>false</SkipOnInput>
				<CommandName>Form.Command.УстановитьИПродолжить</CommandName>
				<ExtendedTooltip name="УстановитьИПродолжитьРасширеннаяПодсказка" id="11"/>
			</Button>
			<Button name="ПродолжитьБезУстановки" id="9">
				<Type>CommandBarButton</Type>
				<SkipOnInput>false</SkipOnInput>
				<CommandName>Form.Command.ПродолжитьБезУстановки</CommandName>
				<ExtendedTooltip name="ПродолжитьБезУстановкиРасширеннаяПодсказка" id="12"/>
			</Button>
			<Button name="БольшеНеНапоминать" id="10">
				<Type>CommandBarButton</Type>
				<SkipOnInput>false</SkipOnInput>
				<CommandName>Form.Command.БольшеНеНапоминать</CommandName>
				<ExtendedTooltip name="БольшеНеНапоминатьРасширеннаяПодсказка" id="13"/>
			</Button>
		</ChildItems>
	</AutoCommandBar>
	<Events>
		<Event name="OnCreateAtServer">ПриСозданииНаСервере</Event>
	</Events>
	<ChildItems>
		<LabelDecoration name="ДекорацияПояснение" id="6">
			<AutoMaxWidth>false</AutoMaxWidth>
			<SkipOnInput>false</SkipOnInput>
			<Title formatted="false">
				<v8:item>
					<v8:lang>ru</v8:lang>
					<v8:content>Для удобной работы с программой предлагается установить расширение для работы с 1С:Предприятием. 
Установить?</v8:content>
				</v8:item>
			</Title>
			<VerticalAlign>Top</VerticalAlign>
			<ContextMenu name="ДекорацияПояснениеКонтекстноеМеню" id="7"/>
			<ExtendedTooltip name="ДекорацияПояснениеExtendedTooltip" id="14"/>
		</LabelDecoration>
	</ChildItems>
	<Attributes>
		<Attribute name="Пояснение" id="1">
			<Type>
				<v8:Type>xs:string</v8:Type>
				<v8:StringQualifiers>
					<v8:Length>0</v8:Length>
					<v8:AllowedLength>Variable</v8:AllowedLength>
				</v8:StringQualifiers>
			</Type>
		</Attribute>
	</Attributes>
	<Commands>
		<Command name="УстановитьИПродолжить" id="1">
			<Title>
				<v8:item>
					<v8:lang>ru</v8:lang>
					<v8:content>Установить и продолжить</v8:content>
				</v8:item>
			</Title>
			<ToolTip>
				<v8:item>
					<v8:lang>ru</v8:lang>
					<v8:content>Установить расширение для работы с 1С:Предприятием и продолжить</v8:content>
				</v8:item>
			</ToolTip>
			<Action>УстановитьИПродолжить</Action>
			<CurrentRowUse>DontUse</CurrentRowUse>
		</Command>
		<Command name="ПродолжитьБезУстановки" id="2">
			<Title>
				<v8:item>
					<v8:lang>ru</v8:lang>
					<v8:content>Продолжить без установки</v8:content>
				</v8:item>
			</Title>
			<ToolTip>
				<v8:item>
					<v8:lang>ru</v8:lang>
					<v8:content>Продолжить без установки расширения для веб-клиента 1С:Предприятие</v8:content>
				</v8:item>
			</ToolTip>
			<Action>ПродолжитьБезУстановки</Action>
			<CurrentRowUse>DontUse</CurrentRowUse>
		</Command>
		<Command name="БольшеНеНапоминать" id="3">
			<Title>
				<v8:item>
					<v8:lang>ru</v8:lang>
					<v8:content>Больше не напоминать</v8:content>
				</v8:item>
			</Title>
			<ToolTip>
				<v8:item>
					<v8:lang>ru</v8:lang>
					<v8:content>Не устанавливать и больше не напоминать</v8:content>
				</v8:item>
			</ToolTip>
			<Action>БольшеНеНапоминать</Action>
			<CurrentRowUse>DontUse</CurrentRowUse>
		</Command>
	</Commands>
	<Parameters>
		<Parameter name="ТекстПредложения">
			<Type>
				<v8:Type>xs:string</v8:Type>
				<v8:StringQualifiers>
					<v8:Length>0</v8:Length>
					<v8:AllowedLength>Variable</v8:AllowedLength>
				</v8:StringQualifiers>
			</Type>
			<KeyParameter>true</KeyParameter>
		</Parameter>
		<Parameter name="ВозможноПродолжениеБезУстановки">
			<Type>
				<v8:Type>xs:boolean</v8:Type>
			</Type>
		</Parameter>
	</Parameters>
</Form>