﻿<?xml version="1.0" encoding="UTF-8"?>
<Form xmlns="http://v8.1c.ru/8.3/xcf/logform" xmlns:app="http://v8.1c.ru/8.2/managed-application/core" xmlns:cfg="http://v8.1c.ru/8.1/data/enterprise/current-config" xmlns:dcscor="http://v8.1c.ru/8.1/data-composition-system/core" xmlns:dcsset="http://v8.1c.ru/8.1/data-composition-system/settings" xmlns:ent="http://v8.1c.ru/8.1/data/enterprise" xmlns:lf="http://v8.1c.ru/8.2/managed-application/logform" xmlns:style="http://v8.1c.ru/8.1/data/ui/style" xmlns:sys="http://v8.1c.ru/8.1/data/ui/fonts/system" xmlns:v8="http://v8.1c.ru/8.1/data/core" xmlns:v8ui="http://v8.1c.ru/8.1/data/ui" xmlns:web="http://v8.1c.ru/8.1/data/ui/colors/web" xmlns:win="http://v8.1c.ru/8.1/data/ui/colors/windows" xmlns:xr="http://v8.1c.ru/8.3/xcf/readable" xmlns:xs="http://www.w3.org/2001/XMLSchema" xmlns:xsi="http://www.w3.org/2001/XMLSchema-instance" version="2.11">
	<Title>
		<v8:item>
			<v8:lang>ru</v8:lang>
			<v8:content>Установка внешней компоненты</v8:content>
		</v8:item>
	</Title>
	<Width>40</Width>
	<WindowOpeningMode>LockOwnerWindow</WindowOpeningMode>
	<AutoTitle>false</AutoTitle>
	<Customizable>false</Customizable>
	<CommandBarLocation>Bottom</CommandBarLocation>
	<AutoCommandBar name="ФормаКоманднаяПанель" id="-1">
		<HorizontalAlign>Right</HorizontalAlign>
		<Autofill>false</Autofill>
		<ChildItems>
			<Button name="УстановитьИПродолжить" id="1">
				<Type>CommandBarButton</Type>
				<DefaultButton>true</DefaultButton>
				<DefaultItem>true</DefaultItem>
				<CommandName>Form.StandardCommand.Yes</CommandName>
				<Title>
					<v8:item>
						<v8:lang>ru</v8:lang>
						<v8:content>Установить и продолжить</v8:content>
					</v8:item>
				</Title>
				<ExtendedTooltip name="УстановитьИПродолжитьРасширеннаяПодсказка" id="2"/>
			</Button>
			<Button name="Закрыть" id="3">
				<Type>CommandBarButton</Type>
				<CommandName>Form.StandardCommand.Cancel</CommandName>
				<ExtendedTooltip name="ЗакрытьРасширеннаяПодсказка" id="4"/>
			</Button>
		</ChildItems>
	</AutoCommandBar>
	<Events>
		<Event name="OnCreateAtServer">ПриСозданииНаСервере</Event>
	</Events>
	<ChildItems>
		<UsualGroup name="Шапка" id="16">
			<Title>
				<v8:item>
					<v8:lang>ru</v8:lang>
					<v8:content>Шапка</v8:content>
				</v8:item>
			</Title>
			<Group>Vertical</Group>
			<Representation>NormalSeparation</Representation>
			<ShowTitle>false</ShowTitle>
			<ExtendedTooltip name="ШапкаРасширеннаяПодсказка" id="17"/>
			<ChildItems>
				<LabelDecoration name="ДекорацияПояснение" id="10">
					<AutoMaxWidth>false</AutoMaxWidth>
					<MaxWidth>75</MaxWidth>
					<AutoMaxHeight>false</AutoMaxHeight>
					<HorizontalStretch>true</HorizontalStretch>
					<VerticalStretch>true</VerticalStretch>
					<Font ref="style:NormalTextFont" kind="StyleItem" scale="100"/>
					<Title formatted="false">
						<v8:item>
							<v8:lang>ru</v8:lang>
							<v8:content>Установить внешнюю компоненту?</v8:content>
						</v8:item>
					</Title>
					<ContextMenu name="ДекорацияПояснениеКонтекстноеМеню" id="11"/>
					<ExtendedTooltip name="ДекорацияПояснениеРасширеннаяПодсказка" id="12"/>
				</LabelDecoration>
			</ChildItems>
		</UsualGroup>
	</ChildItems>
	<Attributes/>
	<Parameters>
		<Parameter name="ТекстПояснения">
			<Type>
				<v8:Type>xs:string</v8:Type>
				<v8:StringQualifiers>
					<v8:Length>0</v8:Length>
					<v8:AllowedLength>Variable</v8:AllowedLength>
				</v8:StringQualifiers>
			</Type>
		</Parameter>
	</Parameters>
</Form>