﻿<?xml version="1.0" encoding="UTF-8"?>
<PredefinedData xmlns="http://v8.1c.ru/8.3/xcf/predef" xmlns:v8="http://v8.1c.ru/8.1/data/core" xmlns:xr="http://v8.1c.ru/8.3/xcf/readable" xmlns:xs="http://www.w3.org/2001/XMLSchema" xmlns:xsi="http://www.w3.org/2001/XMLSchema-instance" xsi:type="CatalogPredefinedItems" version="2.11">
	<Item id="11f4f8a3-e2c3-4d4f-b7e2-a0bfaa1f0194">
		<Name>РегистрСведенийНастройкиВариантовОтчетов</Name>
		<Code/>
		<Description/>
		<IsFolder>false</IsFolder>
	</Item>
	<Item id="9f48c326-12f8-4b88-a79b-bdb9afebcdb5">
		<Name>РегистрСведенийДанныеБизнесПроцессов</Name>
		<Code/>
		<Description/>
		<IsFolder>false</IsFolder>
	</Item>
	<Item id="eca991f5-cbc7-4eaf-b7e9-04e65369c25c">
		<Name>РегистрСведенийДополнительныеСведения</Name>
		<Code/>
		<Description/>
		<IsFolder>false</IsFolder>
	</Item>
	<Item id="be5c1ebb-eafe-4294-aa88-91b181f4e9de">
		<Name>РегистрСведенийИсполнителиЗадач</Name>
		<Code/>
		<Description/>
		<IsFolder>false</IsFolder>
	</Item>
	<Item id="59edb0b6-aebb-4b30-99fd-60134db1affb">
		<Name>РегистрСведенийНапоминанияПользователя</Name>
		<Code/>
		<Description/>
		<IsFolder>false</IsFolder>
	</Item>
	<Item id="d8a38942-8a25-40ae-8832-e08416c8f5c1">
		<Name>РегистрСведенийНастройкиУчетныхЗаписейЭлектроннойПочты</Name>
		<Code/>
		<Description/>
		<IsFolder>false</IsFolder>
	</Item>
	<Item id="911a6de4-2849-4b14-80e2-2bef5cad025c">
		<Name>РегистрСведенийПредметыПапкиВзаимодействий</Name>
		<Code/>
		<Description/>
		<IsFolder>false</IsFolder>
	</Item>
	<Item id="7d105560-1bd9-4aef-a309-db1d3b0e7b71">
		<Name>РегистрСведенийАдресныеОбъекты</Name>
		<Code/>
		<Description/>
		<IsFolder>false</IsFolder>
	</Item>
	<Item id="a43f3c43-54fe-4274-98c5-b8d43734ae2a">
		<Name>РегистрСведенийБезопасноеХранилищеДанных</Name>
		<Code/>
		<Description/>
		<IsFolder>false</IsFolder>
	</Item>
	<Item id="77101689-79f2-4dc9-8af2-23f782ce282b">
		<Name>РегистрСведенийБезопасноеХранилищеДанныхОбластейДанных</Name>
		<Code/>
		<Description/>
		<IsFolder>false</IsFolder>
	</Item>
	<Item id="5831666b-9333-4fc7-840f-3fe6707f3bfb">
		<Name>РегистрСведенийБлокировкиСеансовОбластейДанных</Name>
		<Code/>
		<Description/>
		<IsFolder>false</IsFolder>
	</Item>
	<Item id="acb48078-bf94-455e-93b1-f5988ae4750f">
		<Name>РегистрСведенийБуферОперацийСтатистики</Name>
		<Code/>
		<Description/>
		<IsFolder>false</IsFolder>
	</Item>
	<Item id="56a898dc-d286-4a4a-8060-9f78fbe73680">
		<Name>РегистрСведенийВерсииКлассификаторов</Name>
		<Code/>
		<Description/>
		<IsFolder>false</IsFolder>
	</Item>
	<Item id="2c0340b3-0a76-49ec-b003-c3f37bc1aefa">
		<Name>РегистрСведенийВерсииКлассификаторовОбластейДанных</Name>
		<Code/>
		<Description/>
		<IsFolder>false</IsFolder>
	</Item>
	<Item id="420e2757-4980-4f23-8778-fdc39203f437">
		<Name>РегистрСведенийВерсииОбъектов</Name>
		<Code/>
		<Description/>
		<IsFolder>false</IsFolder>
	</Item>
	<Item id="0b67eba7-4c4f-441c-9c62-a1c13b8a3e25">
		<Name>РегистрСведенийВерсииПодсистем</Name>
		<Code/>
		<Description/>
		<IsFolder>false</IsFolder>
	</Item>
	<Item id="bc681fb3-e6ae-434d-a3e5-3269293833d1">
		<Name>РегистрСведенийВерсииПодсистемОбластейДанных</Name>
		<Code/>
		<Description/>
		<IsFolder>false</IsFolder>
	</Item>
	<Item id="58267263-b695-410d-bdaa-c56a5dec670c">
		<Name>РегистрСведенийГруппыЗначенийДоступа</Name>
		<Code/>
		<Description/>
		<IsFolder>false</IsFolder>
	</Item>
	<Item id="5e56a7b9-7e7e-4356-9686-cc4b84880d39">
		<Name>РегистрСведенийДампыПлатформы</Name>
		<Code/>
		<Description/>
		<IsFolder>false</IsFolder>
	</Item>
	<Item id="2206c4fc-3a73-45e0-8141-dd564b04c72b">
		<Name>РегистрСведенийДанныеОбработанныеВЦентральномУзлеРИБ</Name>
		<Code/>
		<Description/>
		<IsFolder>false</IsFolder>
	</Item>
	<Item id="2b3c8438-f1c7-4696-ab1b-e174f2cf77b1">
		<Name>РегистрСведенийДанныеОбъектовДляРегистрацииВОбменах</Name>
		<Code/>
		<Description/>
		<IsFolder>false</IsFolder>
	</Item>
	<Item id="2b4e57d4-18b6-462c-8929-aebce523703c">
		<Name>РегистрСведенийДанныеПроизводственногоКалендаря</Name>
		<Code/>
		<Description/>
		<IsFolder>false</IsFolder>
	</Item>
	<Item id="4efbd7e6-54d3-4794-930a-18e4c23f2914">
		<Name>РегистрСведенийДатыЗапретаИзменения</Name>
		<Code/>
		<Description/>
		<IsFolder>false</IsFolder>
	</Item>
	<Item id="23ae1934-5c21-4d91-895b-3065854ece34">
		<Name>РегистрСведенийДатыПоследнейЗагрузкиПочтовыхСообщений</Name>
		<Code/>
		<Description/>
		<IsFolder>false</IsFolder>
	</Item>
	<Item id="03ed31af-ad75-4a44-9317-7f3a0a341d8d">
		<Name>РегистрСведенийДвоичныеДанныеФайлов</Name>
		<Code/>
		<Description/>
		<IsFolder>false</IsFolder>
	</Item>
	<Item id="bd61ad0a-25f7-42a7-8b92-92d0f6f4ef22">
		<Name>РегистрСведенийДомаЗданияСтроения</Name>
		<Code/>
		<Description/>
		<IsFolder>false</IsFolder>
	</Item>
	<Item id="773e89bd-a0af-42d4-9bb9-df645081f0bd">
		<Name>РегистрСведенийДополнительныеАдресныеСведения</Name>
		<Code/>
		<Description/>
		<IsFolder>false</IsFolder>
	</Item>
	<Item id="c87b5659-1acd-42aa-a5e3-336e480ae950">
		<Name>РегистрСведенийЗаблокированныеДляПолученияУчетныеЗаписи</Name>
		<Code/>
		<Description/>
		<IsFolder>false</IsFolder>
	</Item>
	<Item id="ce66072f-c372-47e5-810d-9cbea8d27ac4">
		<Name>РегистрСведенийЗависимостиПравДоступа</Name>
		<Code/>
		<Description/>
		<IsFolder>false</IsFolder>
	</Item>
	<Item id="f2da7109-0288-4403-8529-cba9efac89c3">
		<Name>РегистрСведенийЗагруженныеВерсииАдресныхСведений</Name>
		<Code/>
		<Description/>
		<IsFolder>false</IsFolder>
	</Item>
	<Item id="5e9da50d-aee3-421d-805f-db8b13c1df4d">
		<Name>РегистрСведенийЗамерыВремени</Name>
		<Code/>
		<Description/>
		<IsFolder>false</IsFolder>
	</Item>
	<Item id="75cc2cd2-dec6-4ca1-8b73-368d2df8bb7b">
		<Name>РегистрСведенийЗамерыВремениТехнологические</Name>
		<Code/>
		<Description/>
		<IsFolder>false</IsFolder>
	</Item>
	<Item id="de1a069b-de3b-4109-9d89-babf96445457">
		<Name>РегистрСведенийЗамерыКомментарииСтатистики</Name>
		<Code/>
		<Description/>
		<IsFolder>false</IsFolder>
	</Item>
	<Item id="6f6bbc69-af8b-45b4-9636-aaeb864501c3">
		<Name>РегистрСведенийЗамерыОбластиСтатистики</Name>
		<Code/>
		<Description/>
		<IsFolder>false</IsFolder>
	</Item>
	<Item id="dfaa276a-6e4c-47cb-bcea-dc8a941981da">
		<Name>РегистрСведенийЗамерыОперацииСтатистики</Name>
		<Code/>
		<Description/>
		<IsFolder>false</IsFolder>
	</Item>
	<Item id="7eb51fbb-30e1-4b14-879b-878235f618b3">
		<Name>РегистрСведенийЗамерыСтатистики</Name>
		<Code/>
		<Description/>
		<IsFolder>false</IsFolder>
	</Item>
	<Item id="e71e6dca-4776-4478-987b-2b8fc39a0691">
		<Name>РегистрСведенийЗапросыРазрешенийНаИспользованиеВнешнихРесурсов</Name>
		<Code/>
		<Description/>
		<IsFolder>false</IsFolder>
	</Item>
	<Item id="79b0a2bd-d2e8-4d92-a48a-6251b381db7b">
		<Name>РегистрСведенийЗапросыРазрешенийНаИспользованиеВнешнихРесурсовВМоделиСервиса</Name>
		<Code/>
		<Description/>
		<IsFolder>false</IsFolder>
	</Item>
	<Item id="40955688-c05d-4304-8a1c-d4cb364a5cff">
		<Name>РегистрСведенийЗапросыРазрешенийНаИспользованиеВнешнихРесурсовОбластейДанных</Name>
		<Code/>
		<Description/>
		<IsFolder>false</IsFolder>
	</Item>
	<Item id="e33879f7-5e7b-4ace-ba14-5946df8c4ab4">
		<Name>РегистрСведенийЗемельныеУчастки</Name>
		<Code/>
		<Description/>
		<IsFolder>false</IsFolder>
	</Item>
	<Item id="799c40ed-7e8f-46f7-a8dc-422f214bf6e6">
		<Name>РегистрСведенийЗначенияГруппДоступа</Name>
		<Code/>
		<Description/>
		<IsFolder>false</IsFolder>
	</Item>
	<Item id="b7ec5853-5eb2-47f5-90ef-ad8f0a7defbd">
		<Name>РегистрСведенийЗначенияГруппДоступаПоУмолчанию</Name>
		<Code/>
		<Description/>
		<IsFolder>false</IsFolder>
	</Item>
	<Item id="932233fd-fa2b-4b30-afd0-009129562664">
		<Name>РегистрСведенийИдентификаторыЗапросовНаПодключение</Name>
		<Code/>
		<Description/>
		<IsFolder>false</IsFolder>
	</Item>
	<Item id="760667c5-65a4-4225-80f3-b7f9e9d1e56a">
		<Name>РегистрСведенийИдентификаторыОбъектовВерсийРасширений</Name>
		<Code/>
		<Description/>
		<IsFolder>false</IsFolder>
	</Item>
	<Item id="3d2a6985-210e-4fd2-83cf-70d8d0f06f29">
		<Name>РегистрСведенийИдентификаторыПолученныхЭлектронныхПисем</Name>
		<Code/>
		<Description/>
		<IsFolder>false</IsFolder>
	</Item>
	<Item id="9f324038-bcdf-4c3f-b6a9-4c5b28f47fc5">
		<Name>РегистрСведенийИзмененияОбщихДанныхУзлов</Name>
		<Code/>
		<Description/>
		<IsFolder>false</IsFolder>
	</Item>
	<Item id="0abb4a9c-1cb5-4ea4-9861-008078f42a65">
		<Name>РегистрСведенийИспользованиеДополнительныхОтчетовИОбработокСервисаВАвтономномРабочемМесте</Name>
		<Code/>
		<Description/>
		<IsFolder>false</IsFolder>
	</Item>
	<Item id="dc4f4d4f-a0d6-400e-aa8e-2b1a51db2e3c">
		<Name>РегистрСведенийИспользованиеПоставляемыхДополнительныхОтчетовИОбработокВОбластяхДанных</Name>
		<Code/>
		<Description/>
		<IsFolder>false</IsFolder>
	</Item>
	<Item id="88b96fd3-3e43-44e0-8513-5ea6a3e7d87a">
		<Name>РегистрСведенийИспользованиеПоставляемыхРасширенийВОбластяхДанных</Name>
		<Code/>
		<Description/>
		<IsFolder>false</IsFolder>
	</Item>
	<Item id="aca981e1-2770-4870-8bd8-4865be38e55b">
		<Name>РегистрСведенийИсторияАдресныхОбъектов</Name>
		<Code/>
		<Description/>
		<IsFolder>false</IsFolder>
	</Item>
	<Item id="56d8f38c-f1f9-4a00-81c0-cd4acfb9de1f">
		<Name>РегистрСведенийКалендарныеГрафики</Name>
		<Code/>
		<Description/>
		<IsFolder>false</IsFolder>
	</Item>
	<Item id="a3d24276-d984-4b3c-84b5-9825bf485df5">
		<Name>РегистрСведенийКлючиДоступаВнешнихПользователей</Name>
		<Code/>
		<Description/>
		<IsFolder>false</IsFolder>
	</Item>
	<Item id="6274c043-e650-46c8-a454-fa356dec9fee">
		<Name>РегистрСведенийКлючиДоступаГруппДоступа</Name>
		<Code/>
		<Description/>
		<IsFolder>false</IsFolder>
	</Item>
	<Item id="2e140218-fa9e-4b4f-94a9-9c691d42fc41">
		<Name>РегистрСведенийКлючиДоступаКОбъектам</Name>
		<Code/>
		<Description/>
		<IsFolder>false</IsFolder>
	</Item>
	<Item id="36157b26-3c67-45f9-86ad-490caf83366b">
		<Name>РегистрСведенийКлючиДоступаКРегистрам</Name>
		<Code/>
		<Description/>
		<IsFolder>false</IsFolder>
	</Item>
	<Item id="f742903d-368b-4b3c-ba3d-3fcd1506d165">
		<Name>РегистрСведенийКлючиДоступаКРегиструРезультатыПроверкиУчета</Name>
		<Code/>
		<Description/>
		<IsFolder>false</IsFolder>
	</Item>
	<Item id="ef5e2af6-9c60-497f-bc93-06ee3924fda5">
		<Name>РегистрСведенийКлючиДоступаНаборовГруппДоступа</Name>
		<Code/>
		<Description/>
		<IsFolder>false</IsFolder>
	</Item>
	<Item id="6153a04d-801d-4336-8a9b-4115c92248c5">
		<Name>РегистрСведенийКлючиДоступаПользователей</Name>
		<Code/>
		<Description/>
		<IsFolder>false</IsFolder>
	</Item>
	<Item id="96fec588-694c-4ef3-aff2-1b51d09654da">
		<Name>РегистрСведенийКодировкиФайлов</Name>
		<Code/>
		<Description/>
		<IsFolder>false</IsFolder>
	</Item>
	<Item id="f88dc156-ef77-4188-974a-05e65b3b86be">
		<Name>РегистрСведенийКомментарииОперацииСтатистики</Name>
		<Code/>
		<Description/>
		<IsFolder>false</IsFolder>
	</Item>
	<Item id="2429d0c5-40de-4616-8571-bd8a5871d7c8">
		<Name>РегистрСведенийКомментарииСтатистики</Name>
		<Code/>
		<Description/>
		<IsFolder>false</IsFolder>
	</Item>
	<Item id="d32bfa4e-c210-49cb-9738-29c7516f0e5b">
		<Name>РегистрСведенийКонтактыВзаимодействий</Name>
		<Code/>
		<Description/>
		<IsFolder>false</IsFolder>
	</Item>
	<Item id="be109f18-40fd-465a-a3d8-52a81b780467">
		<Name>РегистрСведенийКурсыВалют</Name>
		<Code/>
		<Description/>
		<IsFolder>false</IsFolder>
	</Item>
	<Item id="1e2c8fa2-757f-4343-a755-2fe647b2f96d">
		<Name>РегистрСведенийКэшПрограммныхИнтерфейсов</Name>
		<Code/>
		<Description/>
		<IsFolder>false</IsFolder>
	</Item>
	<Item id="e1834ba7-71a5-4d52-9e98-07ea7b93b813">
		<Name>РегистрСведенийКэшТестовыхПериодов</Name>
		<Code/>
		<Description/>
		<IsFolder>false</IsFolder>
	</Item>
	<Item id="cde94ed4-cf3d-4b25-8a23-cfdea893a8f6">
		<Name>РегистрСведенийНаборыЗначенийДоступа</Name>
		<Code/>
		<Description/>
		<IsFolder>false</IsFolder>
	</Item>
	<Item id="6bc8d5bf-c002-4d11-82ab-25f37e116134">
		<Name>РегистрСведенийНазначениеДополнительныхОбработок</Name>
		<Code/>
		<Description/>
		<IsFolder>false</IsFolder>
	</Item>
	<Item id="1488dddc-2038-4d06-97f9-ee1e0de89b92">
		<Name>РегистрСведенийНаличиеФайлов</Name>
		<Code/>
		<Description/>
		<IsFolder>false</IsFolder>
	</Item>
	<Item id="4b02796a-1cf1-42ec-b3bf-0f02f37defab">
		<Name>РегистрСведенийНаследованиеНастроекПравОбъектов</Name>
		<Code/>
		<Description/>
		<IsFolder>false</IsFolder>
	</Item>
	<Item id="36223044-2d46-49ee-a540-bce70f9bbe4d">
		<Name>РегистрСведенийНастройкиВерсионированияОбъектов</Name>
		<Code/>
		<Description/>
		<IsFolder>false</IsFolder>
	</Item>
	<Item id="482bd9f1-8ed2-49e6-8343-7cecfe197c4d">
		<Name>РегистрСведенийНастройкиКомандПечати</Name>
		<Code/>
		<Description/>
		<IsFolder>false</IsFolder>
	</Item>
	<Item id="636adf0c-21ec-48fc-87fe-bc32a003762d">
		<Name>РегистрСведенийНастройкиОбменаДаннымиXDTO</Name>
		<Code/>
		<Description/>
		<IsFolder>false</IsFolder>
	</Item>
	<Item id="5fd4a8d2-58fd-4f98-b274-a23fce4b32b7">
		<Name>РегистрСведенийНастройкиОтправителя</Name>
		<Code/>
		<Description/>
		<IsFolder>false</IsFolder>
	</Item>
	<Item id="406a4398-9145-40ab-afb2-6b68f8403ade">
		<Name>РегистрСведенийНастройкиОчисткиФайлов</Name>
		<Code/>
		<Description/>
		<IsFolder>false</IsFolder>
	</Item>
	<Item id="be342aee-92f6-4ba5-a6a2-3ad6681c5d02">
		<Name>РегистрСведенийНастройкиПравОбъектов</Name>
		<Code/>
		<Description/>
		<IsFolder>false</IsFolder>
	</Item>
	<Item id="bda8386d-d60e-4ab3-b08a-a858a499cdf2">
		<Name>РегистрСведенийНастройкиСинхронизацииФайлов</Name>
		<Code/>
		<Description/>
		<IsFolder>false</IsFolder>
	</Item>
	<Item id="a407fd15-5d0d-4bfd-8b85-cf51546ae8b7">
		<Name>РегистрСведенийНастройкиТранспортаОбменаДанными</Name>
		<Code/>
		<Description/>
		<IsFolder>false</IsFolder>
	</Item>
	<Item id="5946cf57-52bb-4815-824a-f7cd7383c1fe">
		<Name>РегистрСведенийНастройкиТранспортаОбменаОбластейДанных</Name>
		<Code/>
		<Description/>
		<IsFolder>false</IsFolder>
	</Item>
	<Item id="fc962749-1135-4413-a599-2f461be3098a">
		<Name>РегистрСведенийНастройкиТранспортаОбменаОбластиДанных</Name>
		<Code/>
		<Description/>
		<IsFolder>false</IsFolder>
	</Item>
	<Item id="7edbb082-9500-4e44-8060-c073550ee717">
		<Name>РегистрСведенийНастройкиТранспортаОбменаСообщениями</Name>
		<Code/>
		<Description/>
		<IsFolder>false</IsFolder>
	</Item>
	<Item id="a10d5873-b0d9-45e5-bc08-e4a66ce6fa65">
		<Name>РегистрСведенийНепринятыеКОбработкеПочтовымСерверомИсходящиеПисьма</Name>
		<Code/>
		<Description/>
		<IsFolder>false</IsFolder>
	</Item>
	<Item id="4931a107-c020-47cd-92aa-d4088adff1bd">
		<Name>РегистрСведенийНеразделенныеПользователи</Name>
		<Code/>
		<Description/>
		<IsFolder>false</IsFolder>
	</Item>
	<Item id="5af88a16-dad3-48e5-805b-e5cd7a9e86a5">
		<Name>РегистрСведенийНомераОтсканированныхФайлов</Name>
		<Code/>
		<Description/>
		<IsFolder>false</IsFolder>
	</Item>
	<Item id="8ad6ff37-d899-40a5-a539-f6778879efc5">
		<Name>РегистрСведенийОбластиДанных</Name>
		<Code/>
		<Description/>
		<IsFolder>false</IsFolder>
	</Item>
	<Item id="03933e66-351b-4c8c-ab39-1c9c5127f09f">
		<Name>РегистрСведенийОбластиПерсональныхДанных</Name>
		<Code/>
		<Description/>
		<IsFolder>false</IsFolder>
	</Item>
	<Item id="c9dc986a-3e1a-4de4-8247-092a4cd90b6e">
		<Name>РегистрСведенийОбластиСтатистики</Name>
		<Code/>
		<Description/>
		<IsFolder>false</IsFolder>
	</Item>
	<Item id="fd8588c2-9cd9-4847-a33d-7c9d114f2b98">
		<Name>РегистрСведенийОбновлениеКлючейДоступаКДанным</Name>
		<Code/>
		<Description/>
		<IsFolder>false</IsFolder>
	</Item>
	<Item id="8c695555-9ea3-4f51-9f85-fc2681d658ab">
		<Name>РегистрСведенийОбновлениеКлючейДоступаПользователей</Name>
		<Code/>
		<Description/>
		<IsFolder>false</IsFolder>
	</Item>
	<Item id="b6c53660-991a-4210-93ce-1a89df39a0d8">
		<Name>РегистрСведенийОбработчикиСобытийСинхронизацииДанных</Name>
		<Code/>
		<Description/>
		<IsFolder>false</IsFolder>
	</Item>
	<Item id="73c27023-dad8-474a-9794-660198a97bf0">
		<Name>РегистрСведенийОбщиеНастройкиУзловИнформационныхБаз</Name>
		<Code/>
		<Description/>
		<IsFolder>false</IsFolder>
	</Item>
	<Item id="d4ea565b-8437-4493-9d31-b9c95d0ef8b3">
		<Name>РегистрСведенийОперацииСтатистики</Name>
		<Code/>
		<Description/>
		<IsFolder>false</IsFolder>
	</Item>
	<Item id="0c77c5e2-6d68-4f98-b3c0-e2c699ab6c96">
		<Name>РегистрСведенийОриентирыАдресныхОбъектов</Name>
		<Code/>
		<Description/>
		<IsFolder>false</IsFolder>
	</Item>
	<Item id="c95f38a9-daba-4716-9b04-cd9a44aa4dde">
		<Name>РегистрСведенийОтветыНаВопросыАнкет</Name>
		<Code/>
		<Description/>
		<IsFolder>false</IsFolder>
	</Item>
	<Item id="fdb5fadd-568f-401d-a105-84e9666a7fe4">
		<Name>РегистрСведенийОчередьИзвлеченияТекста</Name>
		<Code/>
		<Description/>
		<IsFolder>false</IsFolder>
	</Item>
	<Item id="29f1ff77-0c97-4139-b433-3b02168a0a8a">
		<Name>РегистрСведенийОчередьИнсталляцииПоставляемыхДополнительныхОтчетовИОбработокВОбластиДанных</Name>
		<Code/>
		<Description/>
		<IsFolder>false</IsFolder>
	</Item>
	<Item id="70aeeffe-1cbc-4ce0-9f8e-fa895ff367bb">
		<Name>РегистрСведенийОчередьИнсталляцииПоставляемыхРасширенийВОбластиДанных</Name>
		<Code/>
		<Description/>
		<IsFolder>false</IsFolder>
	</Item>
	<Item id="6dea861d-763d-4aac-a235-73bade515aa0">
		<Name>РегистрСведенийПакетыДляОтправки</Name>
		<Code/>
		<Description/>
		<IsFolder>false</IsFolder>
	</Item>
	<Item id="a41feb71-8d11-44ea-9a1e-25c6938bfd88">
		<Name>РегистрСведенийПакетыИнформацииПриЗапуске</Name>
		<Code/>
		<Description/>
		<IsFolder>false</IsFolder>
	</Item>
	<Item id="2b029e59-17c2-4fa4-b96c-abeb0ca65f94">
		<Name>РегистрСведенийПараметрыОграниченияДоступа</Name>
		<Code/>
		<Description/>
		<IsFolder>false</IsFolder>
	</Item>
	<Item id="63369f0b-2768-4611-9624-689ad83c685f">
		<Name>РегистрСведенийПараметрыРаботыВерсийРасширений</Name>
		<Code/>
		<Description/>
		<IsFolder>false</IsFolder>
	</Item>
	<Item id="5ada59c9-aac4-4444-9b62-35a0513f1cf3">
		<Name>РегистрСведенийПараметрыРаботыПрограммы</Name>
		<Code/>
		<Description/>
		<IsFolder>false</IsFolder>
	</Item>
	<Item id="9877631a-5d1f-4c2f-8381-03df228a093b">
		<Name>РегистрСведенийПодпискиПолучателей</Name>
		<Code/>
		<Description/>
		<IsFolder>false</IsFolder>
	</Item>
	<Item id="1908f4f4-3831-4634-8bdd-d9107479838e">
		<Name>РегистрСведенийПользовательскиеМакетыПечати</Name>
		<Code/>
		<Description/>
		<IsFolder>false</IsFolder>
	</Item>
	<Item id="a497e026-72c4-48e7-9e24-13b095cf5609">
		<Name>РегистрСведенийПользовательскиеНастройкиДоступаКОбработкам</Name>
		<Code/>
		<Description/>
		<IsFolder>false</IsFolder>
	</Item>
	<Item id="54eb11d7-d7f2-4335-8478-b693d3c16656">
		<Name>РегистрСведенийПоставляемыеДанныеТребующиеОбработки</Name>
		<Code/>
		<Description/>
		<IsFolder>false</IsFolder>
	</Item>
	<Item id="38b5d74e-1ed5-4a9d-9c85-ec088fa4f315">
		<Name>РегистрСведенийПоставляемыеМакетыПечати</Name>
		<Code/>
		<Description/>
		<IsFolder>false</IsFolder>
	</Item>
	<Item id="c78ec656-8661-4360-97a7-4c8940865412">
		<Name>РегистрСведенийПраваРолей</Name>
		<Code/>
		<Description/>
		<IsFolder>false</IsFolder>
	</Item>
	<Item id="32fb5e5c-df51-4063-af5c-2dbc644f2f87">
		<Name>РегистрСведенийПравилаДляОбменаДанными</Name>
		<Code/>
		<Description/>
		<IsFolder>false</IsFolder>
	</Item>
	<Item id="cd2424b3-b574-4745-824f-f1d7568037db">
		<Name>РегистрСведенийПредопределенныеВариантыОтчетовВерсийРасширений</Name>
		<Code/>
		<Description/>
		<IsFolder>false</IsFolder>
	</Item>
	<Item id="bdf02dd2-2ff9-45a5-9817-05f815528f37">
		<Name>РегистрСведенийПрименениеРазрешенийНаИспользованиеВнешнихРесурсовВМоделиСервиса</Name>
		<Code/>
		<Description/>
		<IsFolder>false</IsFolder>
	</Item>
	<Item id="eb5b9e82-b31d-475d-81c7-067ac076c1aa">
		<Name>РегистрСведенийПрименениеРазрешенийНаИспользованиеВнешнихРесурсовОбластейДанных</Name>
		<Code/>
		<Description/>
		<IsFolder>false</IsFolder>
	</Item>
	<Item id="ff926644-abfc-4201-a9f9-a694123b45c1">
		<Name>РегистрСведенийПричиныИзмененияАдресныхСведений</Name>
		<Code/>
		<Description/>
		<IsFolder>false</IsFolder>
	</Item>
	<Item id="6b79458d-c633-4456-b153-2d47f0d7daf1">
		<Name>РегистрСведенийПроцессыДляЗапуска</Name>
		<Code/>
		<Description/>
		<IsFolder>false</IsFolder>
	</Item>
	<Item id="c579e663-1f62-466e-aa4e-f3055a44f686">
		<Name>РегистрСведенийПсевдонимыПредопределенныхУзлов</Name>
		<Code/>
		<Description/>
		<IsFolder>false</IsFolder>
	</Item>
	<Item id="62650b07-4d54-4995-a923-1c36fc8640e0">
		<Name>РегистрСведенийПубличныеИдентификаторыСинхронизируемыхОбъектов</Name>
		<Code/>
		<Description/>
		<IsFolder>false</IsFolder>
	</Item>
	<Item id="acccdfa8-2c59-41c8-9bcd-05c34c8c34aa">
		<Name>РегистрСведенийПутиКПрограммамЭлектроннойПодписиИШифрованияНаСерверахLinux</Name>
		<Code/>
		<Description/>
		<IsFolder>false</IsFolder>
	</Item>
	<Item id="bd2cb26e-30d4-4234-b868-1496c11f9078">
		<Name>РегистрСведенийРабочиеКаталогиФайлов</Name>
		<Code/>
		<Description/>
		<IsFolder>false</IsFolder>
	</Item>
	<Item id="3d11d8ff-65fb-4967-97ed-ef666c48b8c8">
		<Name>РегистрСведенийРазрешенияНаИспользованиеВнешнихРесурсов</Name>
		<Code/>
		<Description/>
		<IsFolder>false</IsFolder>
	</Item>
	<Item id="07a70e59-ed9e-47f7-8c31-175a4c5d1376">
		<Name>РегистрСведенийРазрешенияНаИспользованиеВнешнихРесурсовВМоделиСервиса</Name>
		<Code/>
		<Description/>
		<IsFolder>false</IsFolder>
	</Item>
	<Item id="38280c6f-c2a9-483f-8157-3b9a51046c6c">
		<Name>РегистрСведенийРазрешенияНаИспользованиеВнешнихРесурсовОбластейДанных</Name>
		<Code/>
		<Description/>
		<IsFolder>false</IsFolder>
	</Item>
	<Item id="e6da2d88-ace9-489b-88a8-2fe80cd8abdf">
		<Name>РегистрСведенийРежимыПодключенияВнешнихМодулей</Name>
		<Code/>
		<Description/>
		<IsFolder>false</IsFolder>
	</Item>
	<Item id="5ed94c59-89b8-4ca0-ac3f-9c0d262a9b7e">
		<Name>РегистрСведенийРежимыПодключенияВнешнихМодулейВМоделиСервиса</Name>
		<Code/>
		<Description/>
		<IsFolder>false</IsFolder>
	</Item>
	<Item id="f81b9e4f-c0e1-4685-8450-193fd7928b9b">
		<Name>РегистрСведенийРежимыПодключенияВнешнихМодулейОбластейДанных</Name>
		<Code/>
		<Description/>
		<IsFolder>false</IsFolder>
	</Item>
	<Item id="eb6a4fce-7794-4223-8be6-c1a1b5c6433e">
		<Name>РегистрСведенийРезультатыОбменаДанными</Name>
		<Code/>
		<Description/>
		<IsFolder>false</IsFolder>
	</Item>
	<Item id="06a9870d-1e43-4d4e-990f-a0f510587bbe">
		<Name>РегистрСведенийРезультатыПроверкиУчета</Name>
		<Code/>
		<Description/>
		<IsFolder>false</IsFolder>
	</Item>
	<Item id="913c8586-1ef6-4b34-bd2b-90f9c0faa788">
		<Name>РегистрСведенийРейтингАктивностиОбластейДанных</Name>
		<Code/>
		<Description/>
		<IsFolder>false</IsFolder>
	</Item>
	<Item id="c3c04561-80d7-4f9e-bf1a-b1ab6f29b2f0">
		<Name>РегистрСведенийРучныеИзмененияГрафиковРаботы</Name>
		<Code/>
		<Description/>
		<IsFolder>false</IsFolder>
	</Item>
	<Item id="768a15ed-3bd1-49ee-89bb-04a26383f7a0">
		<Name>РегистрСведенийСведенияОПользователях</Name>
		<Code/>
		<Description/>
		<IsFolder>false</IsFolder>
	</Item>
	<Item id="21b194c2-9fe4-4270-8dfc-bb0d2e7ca87a">
		<Name>РегистрСведенийСведенияОФайлах</Name>
		<Code/>
		<Description/>
		<IsFolder>false</IsFolder>
	</Item>
	<Item id="4834d149-5f32-48eb-8e4a-014c563f63a1">
		<Name>РегистрСведенийСертификатыШифрования</Name>
		<Code/>
		<Description/>
		<IsFolder>false</IsFolder>
	</Item>
	<Item id="536bee72-a776-4da9-92ff-49b749a3bd13">
		<Name>РегистрСведенийСессииОбменаСообщениямиСистемы</Name>
		<Code/>
		<Description/>
		<IsFolder>false</IsFolder>
	</Item>
	<Item id="a1913224-39fd-4433-a279-e00b51d38f37">
		<Name>РегистрСведенийСклоненияПредставленийОбъектов</Name>
		<Code/>
		<Description/>
		<IsFolder>false</IsFolder>
	</Item>
	<Item id="d918970b-4ad8-4324-b9e4-d6abab53a742">
		<Name>РегистрСведенийСлужебныеАдресныеСведения</Name>
		<Code/>
		<Description/>
		<IsFolder>false</IsFolder>
	</Item>
	<Item id="31ea658b-e8c2-4b0d-ab0a-e1059e35cbef">
		<Name>РегистрСведенийСогласияНаОбработкуПерсональныхДанных</Name>
		<Code/>
		<Description/>
		<IsFolder>false</IsFolder>
	</Item>
	<Item id="383f06e5-35b4-467c-af52-9092cfa36914">
		<Name>РегистрСведенийСообщенияОбменаДанными</Name>
		<Code/>
		<Description/>
		<IsFolder>false</IsFolder>
	</Item>
	<Item id="fca8fbbe-afe8-4df6-a9ca-b3be93a4ec4f">
		<Name>РегистрСведенийСообщенияОбменаДаннымиОбластейДанных</Name>
		<Code/>
		<Description/>
		<IsFolder>false</IsFolder>
	</Item>
	<Item id="0d0948ee-5d39-45c8-b2aa-68a114a641a1">
		<Name>РегистрСведенийСоответствияОбъектовИнформационныхБаз</Name>
		<Code/>
		<Description/>
		<IsFolder>false</IsFolder>
	</Item>
	<Item id="cf3e5179-ec8f-41c3-8b88-460f9fb4d05f">
		<Name>РегистрСведенийСоставыГруппПользователей</Name>
		<Code/>
		<Description/>
		<IsFolder>false</IsFolder>
	</Item>
	<Item id="a1ea19fd-ea9d-4691-91ce-ad40aef96975">
		<Name>РегистрСведенийСостоянияКонтактовВзаимодействий</Name>
		<Code/>
		<Description/>
		<IsFolder>false</IsFolder>
	</Item>
	<Item id="3a85ac4a-7399-4be0-ba68-a71c16752de3">
		<Name>РегистрСведенийСостоянияОбменовДанными</Name>
		<Code/>
		<Description/>
		<IsFolder>false</IsFolder>
	</Item>
	<Item id="a3512ca6-66b4-466c-b674-4fa5906c4be3">
		<Name>РегистрСведенийСостоянияОбменовДаннымиОбластейДанных</Name>
		<Code/>
		<Description/>
		<IsFolder>false</IsFolder>
	</Item>
	<Item id="6c2cf277-4fb6-414b-ba2b-cea67b5c4999">
		<Name>РегистрСведенийСостоянияПапокПисем</Name>
		<Code/>
		<Description/>
		<IsFolder>false</IsFolder>
	</Item>
	<Item id="8c4d1cc7-0a7d-4e0a-9ba2-8a3fd005b563">
		<Name>РегистрСведенийСостоянияПредметовВзаимодействий</Name>
		<Code/>
		<Description/>
		<IsFolder>false</IsFolder>
	</Item>
	<Item id="0f0410c5-4552-4280-9838-b19c08d54d99">
		<Name>РегистрСведенийСостоянияРассылокОтчетов</Name>
		<Code/>
		<Description/>
		<IsFolder>false</IsFolder>
	</Item>
	<Item id="dd9cbe91-33e9-41b1-aea5-918e7f666b6f">
		<Name>РегистрСведенийСостоянияУспешныхОбменовДанными</Name>
		<Code/>
		<Description/>
		<IsFolder>false</IsFolder>
	</Item>
	<Item id="5527fd6d-fd76-40a8-9eaa-d7f43abb556f">
		<Name>РегистрСведенийСостоянияУспешныхОбменовДаннымиОбластейДанных</Name>
		<Code/>
		<Description/>
		<IsFolder>false</IsFolder>
	</Item>
	<Item id="509faa40-dd6e-4a75-bded-7f8473a133dd">
		<Name>РегистрСведенийСтатистикаКонфигурации</Name>
		<Code/>
		<Description/>
		<IsFolder>false</IsFolder>
	</Item>
	<Item id="251d055b-e459-4590-8ca1-efa154842544">
		<Name>РегистрСведенийСтатусыСинхронизацииФайловСОблачнымСервисом</Name>
		<Code/>
		<Description/>
		<IsFolder>false</IsFolder>
	</Item>
	<Item id="623acf6b-7efa-408f-ac9b-89cd66e64862">
		<Name>РегистрСведенийСубъектыДляСкрытияПерсональныхДанных</Name>
		<Code/>
		<Description/>
		<IsFolder>false</IsFolder>
	</Item>
	<Item id="3d09c483-7667-4e36-af93-43894a0f2273">
		<Name>РегистрСведенийТаблицыГруппДоступа</Name>
		<Code/>
		<Description/>
		<IsFolder>false</IsFolder>
	</Item>
	<Item id="4a5c2345-40e9-419b-926e-a288f3901e60">
		<Name>РегистрСведенийУведомленияОПрочтении</Name>
		<Code/>
		<Description/>
		<IsFolder>false</IsFolder>
	</Item>
	<Item id="0e372238-1ba8-48e9-bf71-b4599d1c8242">
		<Name>РегистрСведенийУровниСокращенийАдресныхСведений</Name>
		<Code/>
		<Description/>
		<IsFolder>false</IsFolder>
	</Item>
	<Item id="b5667bdd-9949-4e79-954e-32568968dcbb">
		<Name>РегистрСведенийФайлыВРабочемКаталоге</Name>
		<Code/>
		<Description/>
		<IsFolder>false</IsFolder>
	</Item>
	<Item id="4596f38f-9a2d-49e7-8a86-06a40392f9c7">
		<Name>РегистрСведенийХранилищеСертификатов</Name>
		<Code/>
		<Description/>
		<IsFolder>false</IsFolder>
	</Item>
	<Item id="dd00a042-2253-459d-ae4e-dfe9024dac54">
		<Name>РегистрСведенийЭлектронныеПодписи</Name>
		<Code/>
		<Description/>
		<IsFolder>false</IsFolder>
	</Item>
	<Item id="88528ac9-27ac-43b3-9d48-3ad12742c6e9">
		<Name>РегистрСведенийВременныеИдентификаторыЗапросов</Name>
		<Code/>
		<Description/>
		<IsFolder>false</IsFolder>
	</Item>
	<Item id="d54453ed-2e97-4881-9904-72f0b157e6c3">
		<Name>РегистрСведенийДоступныеЛицензии</Name>
		<Code/>
		<Description/>
		<IsFolder>false</IsFolder>
	</Item>
	<Item id="1be8932e-c454-4ba5-bef5-e7d1f98f3383">
		<Name>РегистрСведенийЗанятыеЛицензии</Name>
		<Code/>
		<Description/>
		<IsFolder>false</IsFolder>
	</Item>
	<Item id="0345cafd-9567-4c6b-b69c-6224324c3c65">
		<Name>РегистрСведенийИнцидентыОткрытые</Name>
		<Code/>
		<Description/>
		<IsFolder>false</IsFolder>
	</Item>
	<Item id="f4877fc3-1e50-47b6-9afe-6358cc47ce9f">
		<Name>РегистрСведенийИнцидентыОтложенныеПроверки</Name>
		<Code/>
		<Description/>
		<IsFolder>false</IsFolder>
	</Item>
	<Item id="c84451bb-c990-4c1e-8660-f2bc6004e108">
		<Name>РегистрСведенийМиграцияПриложенийОчередьЗагрузки</Name>
		<Code/>
		<Description/>
		<IsFolder>false</IsFolder>
	</Item>
	<Item id="795f0569-cfa5-48e7-a693-6c43ea64f4fe">
		<Name>РегистрСведенийМиграцияПриложенийСостояниеВыгрузки</Name>
		<Code/>
		<Description/>
		<IsFolder>false</IsFolder>
	</Item>
	<Item id="027ccab2-7d9b-4123-bc29-99b89ea0bc7a">
		<Name>РегистрСведенийМиграцияПриложенийСостояниеЗагрузки</Name>
		<Code/>
		<Description/>
		<IsFolder>false</IsFolder>
	</Item>
	<Item id="32433bba-7075-44d1-abe9-0b8c998cd69e">
		<Name>РегистрСведенийНастройкиУчетныхСистем</Name>
		<Code/>
		<Description/>
		<IsFolder>false</IsFolder>
	</Item>
	<Item id="fd102fb6-3080-4ed8-b8a9-2d673118a00e">
		<Name>РегистрСведенийОбъектыКОтправке</Name>
		<Code/>
		<Description/>
		<IsFolder>false</IsFolder>
	</Item>
	<Item id="eca783ba-56c7-43b7-a318-9ddc9570a3cc">
		<Name>РегистрСведенийПросмотренныеДанныеИнформационногоЦентра</Name>
		<Code/>
		<Description/>
		<IsFolder>false</IsFolder>
	</Item>
	<Item id="66c90255-7e82-45f5-a03e-7040309f2477">
		<Name>РегистрСведенийСвойстваЗаданий</Name>
		<Code/>
		<Description/>
		<IsFolder>false</IsFolder>
	</Item>
	<Item id="70e52222-cbb4-4aa4-9cce-a4abddda21f0">
		<Name>РегистрСведенийСостоянияИнтеграцииОбъектов</Name>
		<Code/>
		<Description/>
		<IsFolder>false</IsFolder>
	</Item>
	<Item id="d9a17a35-50b1-4c83-834b-62e3b50e3b89">
		<Name>РегистрСведенийФайлыОбластейДанных</Name>
		<Code/>
		<Description/>
		<IsFolder>false</IsFolder>
	</Item>
	<Item id="65ee6d7a-6352-4696-9fd2-35c7a02c4144">
		<Name>РегистрСведенийОграничениеСкоростиОтсылкиИнцидентов</Name>
		<Code/>
		<Description/>
		<IsFolder>false</IsFolder>
	</Item>
	<Item id="2eba640a-28be-4f83-89ca-6a21b50f5d71">
		<Name>РегистрСведенийЗапущенныеОбработчикиОчередиЗаданий</Name>
		<Code/>
		<Description/>
		<IsFolder>false</IsFolder>
	</Item>
	<Item id="c9caf969-5c58-4bf1-ae05-471385e310e6">
		<Name>РегистрСведенийКэшДанныхКлассификаторов</Name>
		<Code/>
		<Description/>
		<IsFolder>false</IsFolder>
	</Item>
	<Item id="2529e951-336d-4270-9d3b-e5a6148f954e">
		<Name>РегистрСведенийНеудаленныеОбъекты</Name>
		<Code/>
		<Description/>
		<IsFolder>false</IsFolder>
	</Item>
	<Item id="417f7313-4c12-4a68-8ab3-b391a0a883e2">
		<Name>РегистрСведенийОбновлениеКлючейДоступаТекущиеЗадания</Name>
		<Code/>
		<Description/>
		<IsFolder>false</IsFolder>
	</Item>
	<Item id="87dbaa53-3d37-44c0-a072-021dd7fa3e6f">
		<Name>РегистрСведенийОбщиеПоставляемыеМакетыПечати</Name>
		<Code/>
		<Description/>
		<IsFolder>false</IsFolder>
	</Item>
	<Item id="3a392cc5-8c83-4e58-ad38-95d672fe2e27">
		<Name>РегистрСведенийОчередьОбновляемыхПоставляемыхРасширенийВОбластяхДанных</Name>
		<Code/>
		<Description/>
		<IsFolder>false</IsFolder>
	</Item>
	<Item id="042f093a-3ace-411c-b8b8-0236af1631d7">
		<Name>РегистрСведенийОчередьРасширенийДляОповещений</Name>
		<Code/>
		<Description/>
		<IsFolder>false</IsFolder>
	</Item>
	<Item id="54d0956b-805f-4280-873d-50fc8b7eaded">
		<Name>РегистрСведенийПоставляемыеДанныеТребующиеОбработкиВОбластях</Name>
		<Code/>
		<Description/>
		<IsFolder>false</IsFolder>
	</Item>
	<Item id="e37fd965-5d85-40d2-a60d-4bba0691240e">
		<Name>РегистрСведенийСвязиАдресныхОбъектов</Name>
		<Code/>
		<Description/>
		<IsFolder>false</IsFolder>
	</Item>
	<Item id="0028853c-63d1-4ec8-965d-31f15ad05d7e">
		<Name>РегистрСведенийСостоянияПроверокВеденияУчета</Name>
		<Code/>
		<Description/>
		<IsFolder>false</IsFolder>
	</Item>
	<Item id="245d63d2-f030-408a-9cae-75d2be4d69ee">
		<Name>РегистрСведенийУдаляемыеОбъекты</Name>
		<Code/>
		<Description/>
		<IsFolder>false</IsFolder>
	</Item>
	<Item id="69ab01bc-899e-46ef-b10a-f695f3a8e35b">
		<Name>РегистрСведенийПериодыНерабочихДнейКалендаря</Name>
		<Code/>
		<Description/>
		<IsFolder>false</IsFolder>
	</Item>
	<Item id="6e10526d-d55a-417d-a264-2dd079a5870f">
		<Name>РегистрСведенийОбработчикиОбновления</Name>
		<Code/>
		<Description/>
		<IsFolder>false</IsFolder>
	</Item>
	<Item id="6cf49688-44ad-417f-99cb-c83b261f10f1">
		<Name>РегистрСведенийОбработчикиОбновленияОбщихДанных</Name>
		<Code/>
		<Description/>
		<IsFolder>false</IsFolder>
	</Item>
	<Item id="e43b6d77-9453-48ea-b01c-c614bdee971e">
		<Name>РегистрСведенийПотокиОбновления</Name>
		<Code/>
		<Description/>
		<IsFolder>false</IsFolder>
	</Item>
	<Item id="30c9965b-1763-49b0-b2ec-695a90a849a2">
		<Name>РегистрСведенийСостоянияОригиналовПервичныхДокументов</Name>
		<Code/>
		<Description/>
		<IsFolder>false</IsFolder>
	</Item>
</PredefinedData>