﻿<?xml version="1.0" encoding="UTF-8"?>
<PredefinedData xmlns="http://v8.1c.ru/8.3/xcf/predef" xmlns:v8="http://v8.1c.ru/8.1/data/core" xmlns:xr="http://v8.1c.ru/8.3/xcf/readable" xmlns:xs="http://www.w3.org/2001/XMLSchema" xmlns:xsi="http://www.w3.org/2001/XMLSchema-instance" xsi:type="CatalogPredefinedItems" version="2.11">
	<Item id="8de063dc-97b6-449b-b583-11abdb556d32">
		<Name>АсинхронныеСервисы</Name>
		<Code>async</Code>
		<Description/>
		<IsFolder>false</IsFolder>
	</Item>
	<Item id="057a24c5-0fe3-400d-aca3-1cd935a68402">
		<Name>Логирование</Name>
		<Code>log</Code>
		<Description/>
		<IsFolder>false</IsFolder>
	</Item>
	<Item id="54a1e86e-12ed-44e0-8f6b-4b2a7997fe6b">
		<Name>САП</Name>
		<Code>sap_bo</Code>
		<Description/>
		<IsFolder>false</IsFolder>
	</Item>
	<Item id="060f4d45-2234-46c4-8bd5-3dde3df718dd">
		<Name>Тестовый</Name>
		<Code>test</Code>
		<Description/>
		<IsFolder>false</IsFolder>
	</Item>
	<Item id="778e7210-f873-472d-bc3e-af65a84083e8">
		<Name>Основной</Name>
		<Code>Основной</Code>
		<Description/>
		<IsFolder>false</IsFolder>
	</Item>
</PredefinedData>